-- MySQL dump 10.13  Distrib 8.0.21, for Win64 (x86_64)
--
-- Host: localhost    Database: imrwn
-- ------------------------------------------------------
-- Server version	8.0.21

/*!40101 SET @OLD_CHARACTER_SET_CLIENT=@@CHARACTER_SET_CLIENT */;
/*!40101 SET @OLD_CHARACTER_SET_RESULTS=@@CHARACTER_SET_RESULTS */;
/*!40101 SET @OLD_COLLATION_CONNECTION=@@COLLATION_CONNECTION */;
/*!50503 SET NAMES utf8 */;
/*!40103 SET @OLD_TIME_ZONE=@@TIME_ZONE */;
/*!40103 SET TIME_ZONE='+00:00' */;
/*!40014 SET @OLD_UNIQUE_CHECKS=@@UNIQUE_CHECKS, UNIQUE_CHECKS=0 */;
/*!40014 SET @OLD_FOREIGN_KEY_CHECKS=@@FOREIGN_KEY_CHECKS, FOREIGN_KEY_CHECKS=0 */;
/*!40101 SET @OLD_SQL_MODE=@@SQL_MODE, SQL_MODE='NO_AUTO_VALUE_ON_ZERO' */;
/*!40111 SET @OLD_SQL_NOTES=@@SQL_NOTES, SQL_NOTES=0 */;

--
-- Table structure for table `board`
--

DROP TABLE IF EXISTS `board`;
/*!40101 SET @saved_cs_client     = @@character_set_client */;
/*!50503 SET character_set_client = utf8mb4 */;
CREATE TABLE `board` (
  `bno` int NOT NULL AUTO_INCREMENT,
  `title` varchar(200) NOT NULL,
  `content` text NOT NULL,
  `writer` varchar(20) NOT NULL,
  `postDate` timestamp NOT NULL DEFAULT CURRENT_TIMESTAMP,
  `viewCnt` int DEFAULT '0',
  `commentCnt` int DEFAULT '0',
  `likeCnt` int DEFAULT '0',
  `movieType` varchar(20) NOT NULL,
  `fileName` varchar(200) DEFAULT NULL,
  PRIMARY KEY (`bno`),
  KEY `board_ibfk_1_idx` (`writer`),
  CONSTRAINT `board_ibfk_1` FOREIGN KEY (`writer`) REFERENCES `member` (`id`)
) ENGINE=InnoDB AUTO_INCREMENT=828 DEFAULT CHARSET=utf8mb4 COLLATE=utf8mb4_0900_ai_ci;
/*!40101 SET character_set_client = @saved_cs_client */;

--
-- Dumping data for table `board`
--

LOCK TABLES `board` WRITE;
/*!40000 ALTER TABLE `board` DISABLE KEYS */;
INSERT INTO `board` VALUES (203,'asdf0','asdf120','dlawjdgur94','2024-05-03 00:21:29',3,0,0,'kor',NULL),(204,'asdf10','asdf1210','dlawjdgur94','2024-05-03 00:21:29',1,0,0,'kor',NULL),(205,'asdf20','asdf1220','dlawjdgur94','2024-05-03 00:21:29',0,0,0,'kor',NULL),(206,'asdf30','asdf1230','dlawjdgur94','2024-05-03 00:21:29',0,0,0,'kor',NULL),(207,'asdf40','asdf1240','dlawjdgur94','2024-05-03 00:21:29',0,0,0,'kor',NULL),(208,'asdf50','asdf1250','dlawjdgur94','2024-05-03 00:21:29',1,0,0,'kor',NULL),(209,'asdf60','asdf1260','dlawjdgur94','2024-05-03 00:21:29',1,1,0,'kor',NULL),(210,'asdf70','asdf1270','dlawjdgur94','2024-05-03 00:21:29',4,0,1,'kor',NULL),(211,'asdf80','asdf1280','dlawjdgur94','2024-05-03 00:21:29',1,0,0,'kor',NULL),(212,'asdf90','asdf1290','dlawjdgur94','2024-05-03 00:21:29',1,0,0,'kor',NULL),(213,'asdf100','asdf12100','dlawjdgur94','2024-05-03 00:21:29',0,0,0,'kor',NULL),(214,'asdf110','asdf12110','dlawjdgur94','2024-05-03 00:21:29',1,0,0,'kor',NULL),(215,'asdf120','asdf12120','dlawjdgur94','2024-05-03 00:21:29',2,0,0,'kor',NULL),(216,'asdf130','asdf12130','dlawjdgur94','2024-05-03 00:21:29',0,0,0,'kor',NULL),(217,'asdf140','asdf12140','dlawjdgur94','2024-05-03 00:21:29',0,0,0,'kor',NULL),(218,'asdf150','asdf12150','dlawjdgur94','2024-05-03 00:21:29',0,0,0,'kor',NULL),(219,'asdf160','asdf12160','dlawjdgur94','2024-05-03 00:21:29',0,0,0,'kor',NULL),(220,'asdf170','asdf12170','dlawjdgur94','2024-05-03 00:21:29',0,0,0,'kor',NULL),(221,'asdf180','asdf12180','dlawjdgur94','2024-05-03 00:21:29',0,0,0,'kor',NULL),(222,'asdf190','asdf12190','dlawjdgur94','2024-05-03 00:21:29',0,0,0,'kor',NULL),(223,'asdf200','asdf12200','dlawjdgur94','2024-05-03 00:21:29',0,0,0,'kor',NULL),(224,'asdf210','asdf12210','dlawjdgur94','2024-05-03 00:21:29',2,0,0,'kor',NULL),(225,'asdf220','asdf12220','dlawjdgur94','2024-05-03 00:21:29',0,0,0,'kor',NULL),(226,'asdf230','asdf12230','dlawjdgur94','2024-05-03 00:21:29',2,0,0,'kor',NULL),(227,'asdf240','asdf12240','dlawjdgur94','2024-05-03 00:21:29',0,0,0,'kor',NULL),(228,'asdf250','asdf12250','dlawjdgur94','2024-05-03 00:21:29',1,0,0,'kor',NULL),(229,'asdf260','asdf12260','dlawjdgur94','2024-05-03 00:21:29',0,0,0,'kor',NULL),(230,'asdf270','asdf12270','dlawjdgur94','2024-05-03 00:21:29',0,0,0,'kor',NULL),(231,'asdf280','asdf12280','dlawjdgur94','2024-05-03 00:21:29',0,0,0,'kor',NULL),(232,'asdf290','asdf12290','dlawjdgur94','2024-05-03 00:21:29',0,0,0,'kor',NULL),(233,'asdf300','asdf12300','dlawjdgur94','2024-05-03 00:21:29',0,0,0,'kor',NULL),(234,'asdf310','asdf12310','dlawjdgur94','2024-05-03 00:21:29',0,0,0,'kor',NULL),(235,'asdf320','asdf12320','dlawjdgur94','2024-05-03 00:21:29',0,0,0,'kor',NULL),(236,'asdf330','asdf12330','dlawjdgur94','2024-05-03 00:21:29',0,0,0,'kor',NULL),(237,'asdf340','asdf12340','dlawjdgur94','2024-05-03 00:21:29',0,0,0,'kor',NULL),(238,'asdf350','asdf12350','dlawjdgur94','2024-05-03 00:21:29',0,0,0,'kor',NULL),(239,'asdf360','asdf12360','dlawjdgur94','2024-05-03 00:21:29',0,0,0,'kor',NULL),(240,'asdf370','asdf12370','dlawjdgur94','2024-05-03 00:21:29',0,0,0,'kor',NULL),(241,'asdf380','asdf12380','dlawjdgur94','2024-05-03 00:21:29',0,0,0,'kor',NULL),(242,'asdf390','asdf12390','dlawjdgur94','2024-05-03 00:21:29',0,0,0,'kor',NULL),(243,'asdf400','asdf12400','dlawjdgur94','2024-05-03 00:21:29',0,0,0,'kor',NULL),(244,'asdf410','asdf12410','dlawjdgur94','2024-05-03 00:21:29',0,0,0,'kor',NULL),(245,'asdf420','asdf12420','dlawjdgur94','2024-05-03 00:21:29',0,0,0,'kor',NULL),(246,'asdf430','asdf12430','dlawjdgur94','2024-05-03 00:21:29',0,0,0,'kor',NULL),(247,'asdf440','asdf12440','dlawjdgur94','2024-05-03 00:21:29',0,0,0,'kor',NULL),(248,'asdf450','asdf12450','dlawjdgur94','2024-05-03 00:21:29',0,0,0,'kor',NULL),(249,'asdf460','asdf12460','dlawjdgur94','2024-05-03 00:21:29',0,0,0,'kor',NULL),(250,'asdf470','asdf12470','dlawjdgur94','2024-05-03 00:21:29',0,0,0,'kor',NULL),(251,'asdf480','asdf12480','dlawjdgur94','2024-05-03 00:21:29',0,0,0,'kor',NULL),(252,'asdf490','asdf12490','dlawjdgur94','2024-05-03 00:21:29',0,0,0,'kor',NULL),(253,'asdf500','asdf12500','dlawjdgur94','2024-05-03 00:21:29',0,0,0,'kor',NULL),(254,'asdf510','asdf12510','dlawjdgur94','2024-05-03 00:21:29',0,0,0,'kor',NULL),(255,'asdf520','asdf12520','dlawjdgur94','2024-05-03 00:21:29',0,0,0,'kor',NULL),(256,'asdf530','asdf12530','dlawjdgur94','2024-05-03 00:21:29',0,0,0,'kor',NULL),(257,'asdf540','asdf12540','dlawjdgur94','2024-05-03 00:21:29',0,0,0,'kor',NULL),(258,'asdf550','asdf12550','dlawjdgur94','2024-05-03 00:21:29',0,0,0,'kor',NULL),(259,'asdf560','asdf12560','dlawjdgur94','2024-05-03 00:21:29',0,0,0,'kor',NULL),(260,'asdf570','asdf12570','dlawjdgur94','2024-05-03 00:21:29',0,0,0,'kor',NULL),(261,'asdf580','asdf12580','dlawjdgur94','2024-05-03 00:21:29',0,0,0,'kor',NULL),(262,'asdf590','asdf12590','dlawjdgur94','2024-05-03 00:21:29',0,0,0,'kor',NULL),(263,'asdf600','asdf12600','dlawjdgur94','2024-05-03 00:21:29',0,0,0,'kor',NULL),(264,'asdf610','asdf12610','dlawjdgur94','2024-05-03 00:21:29',0,0,0,'kor',NULL),(265,'asdf620','asdf12620','dlawjdgur94','2024-05-03 00:21:29',0,0,0,'kor',NULL),(266,'asdf630','asdf12630','dlawjdgur94','2024-05-03 00:21:29',0,0,0,'kor',NULL),(267,'asdf640','asdf12640','dlawjdgur94','2024-05-03 00:21:29',0,0,0,'kor',NULL),(268,'asdf650','asdf12650','dlawjdgur94','2024-05-03 00:21:29',0,0,0,'kor',NULL),(269,'asdf660','asdf12660','dlawjdgur94','2024-05-03 00:21:29',0,0,0,'kor',NULL),(270,'asdf670','asdf12670','dlawjdgur94','2024-05-03 00:21:29',0,0,0,'kor',NULL),(271,'asdf680','asdf12680','dlawjdgur94','2024-05-03 00:21:29',0,0,0,'kor',NULL),(272,'asdf690','asdf12690','dlawjdgur94','2024-05-03 00:21:30',0,0,0,'kor',NULL),(273,'asdf700','asdf12700','dlawjdgur94','2024-05-03 00:21:30',0,0,0,'kor',NULL),(274,'asdf710','asdf12710','dlawjdgur94','2024-05-03 00:21:30',0,0,0,'kor',NULL),(275,'asdf720','asdf12720','dlawjdgur94','2024-05-03 00:21:30',0,0,0,'kor',NULL),(276,'asdf730','asdf12730','dlawjdgur94','2024-05-03 00:21:30',0,0,0,'kor',NULL),(277,'asdf740','asdf12740','dlawjdgur94','2024-05-03 00:21:30',0,0,0,'kor',NULL),(278,'asdf750','asdf12750','dlawjdgur94','2024-05-03 00:21:30',0,0,0,'kor',NULL),(279,'asdf760','asdf12760','dlawjdgur94','2024-05-03 00:21:30',0,0,0,'kor',NULL),(280,'asdf770','asdf12770','dlawjdgur94','2024-05-03 00:21:30',0,0,0,'kor',NULL),(281,'asdf780','asdf12780','dlawjdgur94','2024-05-03 00:21:30',0,0,0,'kor',NULL),(282,'asdf790','asdf12790','dlawjdgur94','2024-05-03 00:21:30',0,0,0,'kor',NULL),(283,'asdf800','asdf12800','dlawjdgur94','2024-05-03 00:21:30',0,0,0,'kor',NULL),(284,'asdf810','asdf12810','dlawjdgur94','2024-05-03 00:21:30',0,0,0,'kor',NULL),(285,'asdf820','asdf12820','dlawjdgur94','2024-05-03 00:21:30',0,0,0,'kor',NULL),(286,'asdf830','asdf12830','dlawjdgur94','2024-05-03 00:21:30',0,0,0,'kor',NULL),(287,'asdf840','asdf12840','dlawjdgur94','2024-05-03 00:21:30',0,0,0,'kor',NULL),(288,'asdf850','asdf12850','dlawjdgur94','2024-05-03 00:21:30',0,0,0,'kor',NULL),(289,'asdf860','asdf12860','dlawjdgur94','2024-05-03 00:21:30',0,0,0,'kor',NULL),(291,'asdf880','asdf12880','dlawjdgur94','2024-05-03 00:21:30',0,0,0,'kor',NULL),(292,'asdf890','asdf12890','dlawjdgur94','2024-05-03 00:21:30',1,0,0,'kor',NULL),(293,'asdf900','asdf12900','dlawjdgur94','2024-05-03 00:21:30',0,0,0,'kor',NULL),(294,'asdf910','asdf12910','dlawjdgur94','2024-05-03 00:21:30',2,0,0,'kor',NULL),(296,'asdf930','asdf12930','dlawjdgur94','2024-05-03 00:21:30',10,0,0,'kor',NULL),(297,'asdf940','asdf12940','dlawjdgur94','2024-05-03 00:21:30',1,0,0,'kor',NULL),(298,'asdf950','asdf12950','dlawjdgur94','2024-05-03 00:21:30',7,1,0,'kor',NULL),(304,'asdf0','asdf120','dlawjdgur94','2024-05-03 00:35:07',0,0,0,'eng',NULL),(305,'asdf10','asdf1210','dlawjdgur94','2024-05-03 00:35:07',0,0,0,'eng',NULL),(306,'asdf20','asdf1220','dlawjdgur94','2024-05-03 00:35:07',0,0,0,'eng',NULL),(307,'asdf30','asdf1230','dlawjdgur94','2024-05-03 00:35:07',1,0,0,'eng',NULL),(308,'asdf40','asdf1240','dlawjdgur94','2024-05-03 00:35:07',0,0,0,'eng',NULL),(309,'asdf50','asdf1250','dlawjdgur94','2024-05-03 00:35:07',0,0,0,'eng',NULL),(310,'asdf60','asdf1260','dlawjdgur94','2024-05-03 00:35:07',0,0,0,'eng',NULL),(311,'asdf70','asdf1270','dlawjdgur94','2024-05-03 00:35:07',0,0,0,'eng',NULL),(312,'asdf80','asdf1280','dlawjdgur94','2024-05-03 00:35:07',0,0,0,'eng',NULL),(313,'asdf90','asdf1290','dlawjdgur94','2024-05-03 00:35:07',0,0,0,'eng',NULL),(314,'asdf100','asdf12100','dlawjdgur94','2024-05-03 00:35:07',0,0,0,'eng',NULL),(315,'asdf110','asdf12110','dlawjdgur94','2024-05-03 00:35:07',0,0,0,'eng',NULL),(316,'asdf120','asdf12120','dlawjdgur94','2024-05-03 00:35:07',0,0,0,'eng',NULL),(317,'asdf130','asdf12130','dlawjdgur94','2024-05-03 00:35:07',0,0,0,'eng',NULL),(318,'asdf140','asdf12140','dlawjdgur94','2024-05-03 00:35:07',0,0,0,'eng',NULL),(319,'asdf150','asdf12150','dlawjdgur94','2024-05-03 00:35:07',0,0,0,'eng',NULL),(320,'asdf160','asdf12160','dlawjdgur94','2024-05-03 00:35:07',0,0,0,'eng',NULL),(321,'asdf170','asdf12170','dlawjdgur94','2024-05-03 00:35:07',0,0,0,'eng',NULL),(322,'asdf180','asdf12180','dlawjdgur94','2024-05-03 00:35:07',0,0,0,'eng',NULL),(323,'asdf190','asdf12190','dlawjdgur94','2024-05-03 00:35:07',0,0,0,'eng',NULL),(324,'asdf200','asdf12200','dlawjdgur94','2024-05-03 00:35:07',0,0,0,'eng',NULL),(325,'asdf210','asdf12210','dlawjdgur94','2024-05-03 00:35:07',0,0,0,'eng',NULL),(326,'asdf220','asdf12220','dlawjdgur94','2024-05-03 00:35:07',0,0,0,'eng',NULL),(327,'asdf230','asdf12230','dlawjdgur94','2024-05-03 00:35:07',0,0,0,'eng',NULL),(328,'asdf240','asdf12240','dlawjdgur94','2024-05-03 00:35:07',0,0,0,'eng',NULL),(329,'asdf250','asdf12250','dlawjdgur94','2024-05-03 00:35:07',0,0,0,'eng',NULL),(330,'asdf260','asdf12260','dlawjdgur94','2024-05-03 00:35:07',0,0,0,'eng',NULL),(331,'asdf270','asdf12270','dlawjdgur94','2024-05-03 00:35:07',0,0,0,'eng',NULL),(332,'asdf280','asdf12280','dlawjdgur94','2024-05-03 00:35:07',0,0,0,'eng',NULL),(333,'asdf290','asdf12290','dlawjdgur94','2024-05-03 00:35:07',0,0,0,'eng',NULL),(334,'asdf300','asdf12300','dlawjdgur94','2024-05-03 00:35:07',0,0,0,'eng',NULL),(335,'asdf310','asdf12310','dlawjdgur94','2024-05-03 00:35:07',0,0,0,'eng',NULL),(336,'asdf320','asdf12320','dlawjdgur94','2024-05-03 00:35:07',0,0,0,'eng',NULL),(337,'asdf330','asdf12330','dlawjdgur94','2024-05-03 00:35:07',0,0,0,'eng',NULL),(338,'asdf340','asdf12340','dlawjdgur94','2024-05-03 00:35:07',1,0,0,'eng',NULL),(339,'asdf350','asdf12350','dlawjdgur94','2024-05-03 00:35:07',0,0,0,'eng',NULL),(340,'asdf360','asdf12360','dlawjdgur94','2024-05-03 00:35:08',0,0,0,'eng',NULL),(341,'asdf370','asdf12370','dlawjdgur94','2024-05-03 00:35:08',0,0,0,'eng',NULL),(342,'asdf380','asdf12380','dlawjdgur94','2024-05-03 00:35:08',0,0,0,'eng',NULL),(343,'asdf390','asdf12390','dlawjdgur94','2024-05-03 00:35:08',0,0,0,'eng',NULL),(344,'asdf400','asdf12400','dlawjdgur94','2024-05-03 00:35:08',0,0,0,'eng',NULL),(345,'asdf410','asdf12410','dlawjdgur94','2024-05-03 00:35:08',0,0,0,'eng',NULL),(346,'asdf420','asdf12420','dlawjdgur94','2024-05-03 00:35:08',0,0,0,'eng',NULL),(347,'asdf430','asdf12430','dlawjdgur94','2024-05-03 00:35:08',0,0,0,'eng',NULL),(348,'asdf440','asdf12440','dlawjdgur94','2024-05-03 00:35:08',0,0,0,'eng',NULL),(349,'asdf450','asdf12450','dlawjdgur94','2024-05-03 00:35:08',0,0,0,'eng',NULL),(350,'asdf460','asdf12460','dlawjdgur94','2024-05-03 00:35:08',0,0,0,'eng',NULL),(351,'asdf470','asdf12470','dlawjdgur94','2024-05-03 00:35:08',0,0,0,'eng',NULL),(352,'asdf480','asdf12480','dlawjdgur94','2024-05-03 00:35:08',0,0,0,'eng',NULL),(353,'asdf490','asdf12490','dlawjdgur94','2024-05-03 00:35:08',0,0,0,'eng',NULL),(354,'asdf500','asdf12500','dlawjdgur94','2024-05-03 00:35:08',0,0,0,'eng',NULL),(355,'asdf510','asdf12510','dlawjdgur94','2024-05-03 00:35:08',0,0,0,'eng',NULL),(356,'asdf520','asdf12520','dlawjdgur94','2024-05-03 00:35:08',0,0,0,'eng',NULL),(357,'asdf530','asdf12530','dlawjdgur94','2024-05-03 00:35:08',0,0,0,'eng',NULL),(358,'asdf540','asdf12540','dlawjdgur94','2024-05-03 00:35:08',0,0,0,'eng',NULL),(359,'asdf550','asdf12550','dlawjdgur94','2024-05-03 00:35:08',0,0,0,'eng',NULL),(360,'asdf560','asdf12560','dlawjdgur94','2024-05-03 00:35:08',0,0,0,'eng',NULL),(361,'asdf570','asdf12570','dlawjdgur94','2024-05-03 00:35:08',0,0,0,'eng',NULL),(362,'asdf580','asdf12580','dlawjdgur94','2024-05-03 00:35:08',0,0,0,'eng',NULL),(363,'asdf590','asdf12590','dlawjdgur94','2024-05-03 00:35:08',0,0,0,'eng',NULL),(364,'asdf600','asdf12600','dlawjdgur94','2024-05-03 00:35:08',0,0,0,'eng',NULL),(365,'asdf610','asdf12610','dlawjdgur94','2024-05-03 00:35:08',0,0,0,'eng',NULL),(366,'asdf620','asdf12620','dlawjdgur94','2024-05-03 00:35:08',0,0,0,'eng',NULL),(367,'asdf630','asdf12630','dlawjdgur94','2024-05-03 00:35:08',0,0,0,'eng',NULL),(368,'asdf640','asdf12640','dlawjdgur94','2024-05-03 00:35:08',0,0,0,'eng',NULL),(369,'asdf650','asdf12650','dlawjdgur94','2024-05-03 00:35:08',0,0,0,'eng',NULL),(370,'asdf660','asdf12660','dlawjdgur94','2024-05-03 00:35:08',0,0,0,'eng',NULL),(371,'asdf670','asdf12670','dlawjdgur94','2024-05-03 00:35:08',0,0,0,'eng',NULL),(372,'asdf680','asdf12680','dlawjdgur94','2024-05-03 00:35:08',0,0,0,'eng',NULL),(373,'asdf690','asdf12690','dlawjdgur94','2024-05-03 00:35:08',0,0,0,'eng',NULL),(374,'asdf700','asdf12700','dlawjdgur94','2024-05-03 00:35:08',0,0,0,'eng',NULL),(375,'asdf710','asdf12710','dlawjdgur94','2024-05-03 00:35:08',0,0,0,'eng',NULL),(376,'asdf720','asdf12720','dlawjdgur94','2024-05-03 00:35:08',0,0,0,'eng',NULL),(377,'asdf730','asdf12730','dlawjdgur94','2024-05-03 00:35:08',0,0,0,'eng',NULL),(378,'asdf740','asdf12740','dlawjdgur94','2024-05-03 00:35:08',0,0,0,'eng',NULL),(379,'asdf750','asdf12750','dlawjdgur94','2024-05-03 00:35:08',0,0,0,'eng',NULL),(380,'asdf760','asdf12760','dlawjdgur94','2024-05-03 00:35:08',0,0,0,'eng',NULL),(381,'asdf770','asdf12770','dlawjdgur94','2024-05-03 00:35:08',0,0,0,'eng',NULL),(382,'asdf780','asdf12780','dlawjdgur94','2024-05-03 00:35:08',0,0,0,'eng',NULL),(383,'asdf790','asdf12790','dlawjdgur94','2024-05-03 00:35:08',0,0,0,'eng',NULL),(384,'asdf800','asdf12800','dlawjdgur94','2024-05-03 00:35:08',0,0,0,'eng',NULL),(385,'asdf810','asdf12810','dlawjdgur94','2024-05-03 00:35:08',0,0,0,'eng',NULL),(386,'asdf820','asdf12820','dlawjdgur94','2024-05-03 00:35:08',0,0,0,'eng',NULL),(387,'asdf830','asdf12830','dlawjdgur94','2024-05-03 00:35:08',0,0,0,'eng',NULL),(388,'asdf840','asdf12840','dlawjdgur94','2024-05-03 00:35:08',0,0,0,'eng',NULL),(389,'asdf850','asdf12850','dlawjdgur94','2024-05-03 00:35:08',0,0,0,'eng',NULL),(390,'asdf860','asdf12860','dlawjdgur94','2024-05-03 00:35:08',0,0,0,'eng',NULL),(391,'asdf870','asdf12870','dlawjdgur94','2024-05-03 00:35:08',0,0,0,'eng',NULL),(392,'asdf880','asdf12880','dlawjdgur94','2024-05-03 00:35:08',0,0,0,'eng',NULL),(393,'asdf890','asdf12890','dlawjdgur94','2024-05-03 00:35:08',0,0,0,'eng',NULL),(394,'asdf900','asdf12900','dlawjdgur94','2024-05-03 00:35:08',0,0,0,'eng',NULL),(395,'asdf910','asdf12910','dlawjdgur94','2024-05-03 00:35:08',0,0,0,'eng',NULL),(396,'asdf920','asdf12920','dlawjdgur94','2024-05-03 00:35:08',0,0,0,'eng',NULL),(397,'asdf930','asdf12930','dlawjdgur94','2024-05-03 00:35:08',0,0,0,'eng',NULL),(398,'asdf940','asdf12940','dlawjdgur94','2024-05-03 00:35:08',0,0,0,'eng',NULL),(399,'asdf950','asdf12950','dlawjdgur94','2024-05-03 00:35:08',0,0,0,'eng',NULL),(400,'asdf960','asdf12960','dlawjdgur94','2024-05-03 00:35:08',0,0,0,'eng',NULL),(401,'asdf970','asdf12970','dlawjdgur94','2024-05-03 00:35:08',1,0,0,'eng',NULL),(402,'asdf980','asdf12980','dlawjdgur94','2024-05-03 00:35:08',0,0,0,'eng',NULL),(403,'asdf990','asdf12990','dlawjdgur94','2024-05-03 00:35:08',2,0,0,'eng',NULL),(404,'asdf1000','asdf121000','dlawjdgur94','2024-05-03 00:35:08',4,0,0,'eng',NULL),(405,'asdf0','asdf120','dlawjdgur94','2024-05-03 00:35:28',0,0,0,'jpn',NULL),(406,'asdf10','asdf1210','dlawjdgur94','2024-05-03 00:35:28',0,0,0,'jpn',NULL),(407,'asdf20','asdf1220','dlawjdgur94','2024-05-03 00:35:28',0,0,0,'jpn',NULL),(408,'asdf30','asdf1230','dlawjdgur94','2024-05-03 00:35:28',0,0,0,'jpn',NULL),(409,'asdf40','asdf1240','dlawjdgur94','2024-05-03 00:35:28',0,0,0,'jpn',NULL),(410,'asdf50','asdf1250','dlawjdgur94','2024-05-03 00:35:28',0,0,0,'jpn',NULL),(411,'asdf60','asdf1260','dlawjdgur94','2024-05-03 00:35:28',0,0,0,'jpn',NULL),(412,'asdf70','asdf1270','dlawjdgur94','2024-05-03 00:35:28',0,0,0,'jpn',NULL),(413,'asdf80','asdf1280','dlawjdgur94','2024-05-03 00:35:28',0,0,0,'jpn',NULL),(414,'asdf90','asdf1290','dlawjdgur94','2024-05-03 00:35:28',0,0,0,'jpn',NULL),(415,'asdf100','asdf12100','dlawjdgur94','2024-05-03 00:35:28',0,0,0,'jpn',NULL),(416,'asdf110','asdf12110','dlawjdgur94','2024-05-03 00:35:28',0,0,0,'jpn',NULL),(417,'asdf120','asdf12120','dlawjdgur94','2024-05-03 00:35:28',0,0,0,'jpn',NULL),(418,'asdf130','asdf12130','dlawjdgur94','2024-05-03 00:35:28',0,0,0,'jpn',NULL),(419,'asdf140','asdf12140','dlawjdgur94','2024-05-03 00:35:28',0,0,0,'jpn',NULL),(420,'asdf150','asdf12150','dlawjdgur94','2024-05-03 00:35:28',0,0,0,'jpn',NULL),(421,'asdf160','asdf12160','dlawjdgur94','2024-05-03 00:35:28',0,0,0,'jpn',NULL),(422,'asdf170','asdf12170','dlawjdgur94','2024-05-03 00:35:28',0,0,0,'jpn',NULL),(423,'asdf180','asdf12180','dlawjdgur94','2024-05-03 00:35:28',0,0,0,'jpn',NULL),(424,'asdf190','asdf12190','dlawjdgur94','2024-05-03 00:35:28',0,0,0,'jpn',NULL),(425,'asdf200','asdf12200','dlawjdgur94','2024-05-03 00:35:28',0,0,0,'jpn',NULL),(426,'asdf210','asdf12210','dlawjdgur94','2024-05-03 00:35:28',0,0,0,'jpn',NULL),(427,'asdf220','asdf12220','dlawjdgur94','2024-05-03 00:35:28',0,0,0,'jpn',NULL),(428,'asdf230','asdf12230','dlawjdgur94','2024-05-03 00:35:28',0,0,0,'jpn',NULL),(429,'asdf240','asdf12240','dlawjdgur94','2024-05-03 00:35:28',0,0,0,'jpn',NULL),(430,'asdf250','asdf12250','dlawjdgur94','2024-05-03 00:35:28',0,0,0,'jpn',NULL),(431,'asdf260','asdf12260','dlawjdgur94','2024-05-03 00:35:28',0,0,0,'jpn',NULL),(432,'asdf270','asdf12270','dlawjdgur94','2024-05-03 00:35:28',0,0,0,'jpn',NULL),(433,'asdf280','asdf12280','dlawjdgur94','2024-05-03 00:35:28',0,0,0,'jpn',NULL),(434,'asdf290','asdf12290','dlawjdgur94','2024-05-03 00:35:28',0,0,0,'jpn',NULL),(435,'asdf300','asdf12300','dlawjdgur94','2024-05-03 00:35:28',0,0,0,'jpn',NULL),(436,'asdf310','asdf12310','dlawjdgur94','2024-05-03 00:35:28',0,0,0,'jpn',NULL),(437,'asdf320','asdf12320','dlawjdgur94','2024-05-03 00:35:28',0,0,0,'jpn',NULL),(438,'asdf330','asdf12330','dlawjdgur94','2024-05-03 00:35:28',0,0,0,'jpn',NULL),(439,'asdf340','asdf12340','dlawjdgur94','2024-05-03 00:35:28',0,0,0,'jpn',NULL),(440,'asdf350','asdf12350','dlawjdgur94','2024-05-03 00:35:28',0,0,0,'jpn',NULL),(441,'asdf360','asdf12360','dlawjdgur94','2024-05-03 00:35:28',0,0,0,'jpn',NULL),(442,'asdf370','asdf12370','dlawjdgur94','2024-05-03 00:35:28',0,0,0,'jpn',NULL),(443,'asdf380','asdf12380','dlawjdgur94','2024-05-03 00:35:28',0,0,0,'jpn',NULL),(444,'asdf390','asdf12390','dlawjdgur94','2024-05-03 00:35:28',0,0,0,'jpn',NULL),(445,'asdf400','asdf12400','dlawjdgur94','2024-05-03 00:35:28',0,0,0,'jpn',NULL),(446,'asdf410','asdf12410','dlawjdgur94','2024-05-03 00:35:28',0,0,0,'jpn',NULL),(447,'asdf420','asdf12420','dlawjdgur94','2024-05-03 00:35:28',0,0,0,'jpn',NULL),(448,'asdf430','asdf12430','dlawjdgur94','2024-05-03 00:35:28',0,0,0,'jpn',NULL),(449,'asdf440','asdf12440','dlawjdgur94','2024-05-03 00:35:28',0,0,0,'jpn',NULL),(450,'asdf450','asdf12450','dlawjdgur94','2024-05-03 00:35:28',0,0,0,'jpn',NULL),(451,'asdf460','asdf12460','dlawjdgur94','2024-05-03 00:35:28',0,0,0,'jpn',NULL),(452,'asdf470','asdf12470','dlawjdgur94','2024-05-03 00:35:28',0,0,0,'jpn',NULL),(453,'asdf480','asdf12480','dlawjdgur94','2024-05-03 00:35:28',0,0,0,'jpn',NULL),(454,'asdf490','asdf12490','dlawjdgur94','2024-05-03 00:35:28',0,0,0,'jpn',NULL),(455,'asdf500','asdf12500','dlawjdgur94','2024-05-03 00:35:28',0,0,0,'jpn',NULL),(456,'asdf510','asdf12510','dlawjdgur94','2024-05-03 00:35:28',0,0,0,'jpn',NULL),(457,'asdf520','asdf12520','dlawjdgur94','2024-05-03 00:35:28',0,0,0,'jpn',NULL),(458,'asdf530','asdf12530','dlawjdgur94','2024-05-03 00:35:28',0,0,0,'jpn',NULL),(459,'asdf540','asdf12540','dlawjdgur94','2024-05-03 00:35:28',0,0,0,'jpn',NULL),(460,'asdf550','asdf12550','dlawjdgur94','2024-05-03 00:35:28',0,0,0,'jpn',NULL),(461,'asdf560','asdf12560','dlawjdgur94','2024-05-03 00:35:28',0,0,0,'jpn',NULL),(462,'asdf570','asdf12570','dlawjdgur94','2024-05-03 00:35:28',0,0,0,'jpn',NULL),(463,'asdf580','asdf12580','dlawjdgur94','2024-05-03 00:35:28',0,0,0,'jpn',NULL),(464,'asdf590','asdf12590','dlawjdgur94','2024-05-03 00:35:28',0,0,0,'jpn',NULL),(465,'asdf600','asdf12600','dlawjdgur94','2024-05-03 00:35:28',0,0,0,'jpn',NULL),(466,'asdf610','asdf12610','dlawjdgur94','2024-05-03 00:35:28',0,0,0,'jpn',NULL),(467,'asdf620','asdf12620','dlawjdgur94','2024-05-03 00:35:28',0,0,0,'jpn',NULL),(468,'asdf630','asdf12630','dlawjdgur94','2024-05-03 00:35:28',0,0,0,'jpn',NULL),(469,'asdf640','asdf12640','dlawjdgur94','2024-05-03 00:35:28',0,0,0,'jpn',NULL),(470,'asdf650','asdf12650','dlawjdgur94','2024-05-03 00:35:28',0,0,0,'jpn',NULL),(471,'asdf660','asdf12660','dlawjdgur94','2024-05-03 00:35:28',0,0,0,'jpn',NULL),(472,'asdf670','asdf12670','dlawjdgur94','2024-05-03 00:35:28',0,0,0,'jpn',NULL),(473,'asdf680','asdf12680','dlawjdgur94','2024-05-03 00:35:28',0,0,0,'jpn',NULL),(474,'asdf690','asdf12690','dlawjdgur94','2024-05-03 00:35:28',0,0,0,'jpn',NULL),(475,'asdf700','asdf12700','dlawjdgur94','2024-05-03 00:35:28',0,0,0,'jpn',NULL),(476,'asdf710','asdf12710','dlawjdgur94','2024-05-03 00:35:28',0,0,0,'jpn',NULL),(477,'asdf720','asdf12720','dlawjdgur94','2024-05-03 00:35:28',0,0,0,'jpn',NULL),(478,'asdf730','asdf12730','dlawjdgur94','2024-05-03 00:35:28',0,0,0,'jpn',NULL),(479,'asdf740','asdf12740','dlawjdgur94','2024-05-03 00:35:28',0,0,0,'jpn',NULL),(480,'asdf750','asdf12750','dlawjdgur94','2024-05-03 00:35:28',0,0,0,'jpn',NULL),(481,'asdf760','asdf12760','dlawjdgur94','2024-05-03 00:35:28',0,0,0,'jpn',NULL),(482,'asdf770','asdf12770','dlawjdgur94','2024-05-03 00:35:28',0,0,0,'jpn',NULL),(483,'asdf780','asdf12780','dlawjdgur94','2024-05-03 00:35:28',0,0,0,'jpn',NULL),(484,'asdf790','asdf12790','dlawjdgur94','2024-05-03 00:35:28',0,0,0,'jpn',NULL),(485,'asdf800','asdf12800','dlawjdgur94','2024-05-03 00:35:28',0,0,0,'jpn',NULL),(486,'asdf810','asdf12810','dlawjdgur94','2024-05-03 00:35:28',0,0,0,'jpn',NULL),(487,'asdf820','asdf12820','dlawjdgur94','2024-05-03 00:35:28',0,0,0,'jpn',NULL),(488,'asdf830','asdf12830','dlawjdgur94','2024-05-03 00:35:29',0,0,0,'jpn',NULL),(489,'asdf840','asdf12840','dlawjdgur94','2024-05-03 00:35:29',0,0,0,'jpn',NULL),(490,'asdf850','asdf12850','dlawjdgur94','2024-05-03 00:35:29',0,0,0,'jpn',NULL),(491,'asdf860','asdf12860','dlawjdgur94','2024-05-03 00:35:29',0,0,0,'jpn',NULL),(492,'asdf870','asdf12870','dlawjdgur94','2024-05-03 00:35:29',0,0,0,'jpn',NULL),(493,'asdf880','asdf12880','dlawjdgur94','2024-05-03 00:35:29',0,0,0,'jpn',NULL),(494,'asdf890','asdf12890','dlawjdgur94','2024-05-03 00:35:29',0,0,0,'jpn',NULL),(495,'asdf900','asdf12900','dlawjdgur94','2024-05-03 00:35:29',0,0,0,'jpn',NULL),(496,'asdf910','asdf12910','dlawjdgur94','2024-05-03 00:35:29',0,0,0,'jpn',NULL),(497,'asdf920','asdf12920','dlawjdgur94','2024-05-03 00:35:29',0,0,0,'jpn',NULL),(498,'asdf930','asdf12930','dlawjdgur94','2024-05-03 00:35:29',0,0,0,'jpn',NULL),(499,'asdf940','asdf12940','dlawjdgur94','2024-05-03 00:35:29',0,0,0,'jpn',NULL),(500,'asdf950','asdf12950','dlawjdgur94','2024-05-03 00:35:29',0,0,0,'jpn',NULL),(501,'asdf960','asdf12960','dlawjdgur94','2024-05-03 00:35:29',0,0,0,'jpn',NULL),(502,'asdf970','asdf12970','dlawjdgur94','2024-05-03 00:35:29',0,0,0,'jpn',NULL),(503,'asdf980','asdf12980','dlawjdgur94','2024-05-03 00:35:29',0,0,0,'jpn',NULL),(504,'asdf990','asdf12990','dlawjdgur94','2024-05-03 00:35:29',0,0,0,'jpn',NULL),(505,'asdf1000','asdf121000','dlawjdgur94','2024-05-03 00:35:29',0,0,0,'jpn',NULL),(506,'asdf0','asdf120','dlawjdgur94','2024-05-03 00:35:55',0,0,0,'jpn',NULL),(507,'asdf13','asdf1213','dlawjdgur94','2024-05-03 00:35:55',0,0,0,'jpn',NULL),(508,'asdf26','asdf1226','dlawjdgur94','2024-05-03 00:35:55',0,0,0,'jpn',NULL),(509,'asdf39','asdf1239','dlawjdgur94','2024-05-03 00:35:55',0,0,0,'jpn',NULL),(510,'asdf52','asdf1252','dlawjdgur94','2024-05-03 00:35:55',0,0,0,'jpn',NULL),(511,'asdf65','asdf1265','dlawjdgur94','2024-05-03 00:35:55',0,0,0,'jpn',NULL),(512,'asdf78','asdf1278','dlawjdgur94','2024-05-03 00:35:55',0,0,0,'jpn',NULL),(513,'asdf91','asdf1291','dlawjdgur94','2024-05-03 00:35:55',0,0,0,'jpn',NULL),(514,'asdf104','asdf12104','dlawjdgur94','2024-05-03 00:35:55',0,0,0,'jpn',NULL),(515,'asdf117','asdf12117','dlawjdgur94','2024-05-03 00:35:55',0,0,0,'jpn',NULL),(516,'asdf130','asdf12130','dlawjdgur94','2024-05-03 00:35:55',0,0,0,'jpn',NULL),(517,'asdf143','asdf12143','dlawjdgur94','2024-05-03 00:35:55',0,0,0,'jpn',NULL),(518,'asdf156','asdf12156','dlawjdgur94','2024-05-03 00:35:55',0,0,0,'jpn',NULL),(519,'asdf169','asdf12169','dlawjdgur94','2024-05-03 00:35:55',0,0,0,'jpn',NULL),(520,'asdf182','asdf12182','dlawjdgur94','2024-05-03 00:35:55',0,0,0,'jpn',NULL),(521,'asdf195','asdf12195','dlawjdgur94','2024-05-03 00:35:55',0,0,0,'jpn',NULL),(522,'asdf208','asdf12208','dlawjdgur94','2024-05-03 00:35:55',0,0,0,'jpn',NULL),(523,'asdf221','asdf12221','dlawjdgur94','2024-05-03 00:35:55',0,0,0,'jpn',NULL),(524,'asdf234','asdf12234','dlawjdgur94','2024-05-03 00:35:55',0,0,0,'jpn',NULL),(525,'asdf247','asdf12247','dlawjdgur94','2024-05-03 00:35:55',0,0,0,'jpn',NULL),(526,'asdf260','asdf12260','dlawjdgur94','2024-05-03 00:35:55',0,0,0,'jpn',NULL),(527,'asdf273','asdf12273','dlawjdgur94','2024-05-03 00:35:55',0,0,0,'jpn',NULL),(528,'asdf286','asdf12286','dlawjdgur94','2024-05-03 00:35:55',0,0,0,'jpn',NULL),(529,'asdf299','asdf12299','dlawjdgur94','2024-05-03 00:35:55',0,0,0,'jpn',NULL),(530,'asdf312','asdf12312','dlawjdgur94','2024-05-03 00:35:55',0,0,0,'jpn',NULL),(531,'asdf325','asdf12325','dlawjdgur94','2024-05-03 00:35:55',0,0,0,'jpn',NULL),(532,'asdf338','asdf12338','dlawjdgur94','2024-05-03 00:35:55',0,0,0,'jpn',NULL),(533,'asdf351','asdf12351','dlawjdgur94','2024-05-03 00:35:55',0,0,0,'jpn',NULL),(534,'asdf364','asdf12364','dlawjdgur94','2024-05-03 00:35:55',0,0,0,'jpn',NULL),(535,'asdf377','asdf12377','dlawjdgur94','2024-05-03 00:35:55',0,0,0,'jpn',NULL),(536,'asdf390','asdf12390','dlawjdgur94','2024-05-03 00:35:55',0,0,0,'jpn',NULL),(537,'asdf403','asdf12403','dlawjdgur94','2024-05-03 00:35:55',0,0,0,'jpn',NULL),(538,'asdf416','asdf12416','dlawjdgur94','2024-05-03 00:35:55',0,0,0,'jpn',NULL),(539,'asdf429','asdf12429','dlawjdgur94','2024-05-03 00:35:55',0,0,0,'jpn',NULL),(540,'asdf442','asdf12442','dlawjdgur94','2024-05-03 00:35:55',0,0,0,'jpn',NULL),(541,'asdf455','asdf12455','dlawjdgur94','2024-05-03 00:35:55',0,0,0,'jpn',NULL),(542,'asdf468','asdf12468','dlawjdgur94','2024-05-03 00:35:55',0,0,0,'jpn',NULL),(543,'asdf481','asdf12481','dlawjdgur94','2024-05-03 00:35:55',0,0,0,'jpn',NULL),(544,'asdf494','asdf12494','dlawjdgur94','2024-05-03 00:35:55',0,0,0,'jpn',NULL),(545,'asdf507','asdf12507','dlawjdgur94','2024-05-03 00:35:55',0,0,0,'jpn',NULL),(546,'asdf520','asdf12520','dlawjdgur94','2024-05-03 00:35:55',0,0,0,'jpn',NULL),(547,'asdf533','asdf12533','dlawjdgur94','2024-05-03 00:35:55',0,0,0,'jpn',NULL),(548,'asdf546','asdf12546','dlawjdgur94','2024-05-03 00:35:55',0,0,0,'jpn',NULL),(549,'asdf559','asdf12559','dlawjdgur94','2024-05-03 00:35:55',0,0,0,'jpn',NULL),(550,'asdf572','asdf12572','dlawjdgur94','2024-05-03 00:35:55',0,0,0,'jpn',NULL),(551,'asdf585','asdf12585','dlawjdgur94','2024-05-03 00:35:55',0,0,0,'jpn',NULL),(552,'asdf598','asdf12598','dlawjdgur94','2024-05-03 00:35:55',0,0,0,'jpn',NULL),(553,'asdf611','asdf12611','dlawjdgur94','2024-05-03 00:35:55',0,0,0,'jpn',NULL),(554,'asdf624','asdf12624','dlawjdgur94','2024-05-03 00:35:55',0,0,0,'jpn',NULL),(555,'asdf637','asdf12637','dlawjdgur94','2024-05-03 00:35:55',0,0,0,'jpn',NULL),(556,'asdf650','asdf12650','dlawjdgur94','2024-05-03 00:35:55',0,0,0,'jpn',NULL),(557,'asdf663','asdf12663','dlawjdgur94','2024-05-03 00:35:55',0,0,0,'jpn',NULL),(558,'asdf676','asdf12676','dlawjdgur94','2024-05-03 00:35:55',0,0,0,'jpn',NULL),(559,'asdf689','asdf12689','dlawjdgur94','2024-05-03 00:35:55',0,0,0,'jpn',NULL),(560,'asdf702','asdf12702','dlawjdgur94','2024-05-03 00:35:55',0,0,0,'jpn',NULL),(561,'asdf715','asdf12715','dlawjdgur94','2024-05-03 00:35:55',0,0,0,'jpn',NULL),(562,'asdf728','asdf12728','dlawjdgur94','2024-05-03 00:35:55',0,0,0,'jpn',NULL),(563,'asdf741','asdf12741','dlawjdgur94','2024-05-03 00:35:55',0,0,0,'jpn',NULL),(564,'asdf754','asdf12754','dlawjdgur94','2024-05-03 00:35:55',0,0,0,'jpn',NULL),(565,'asdf767','asdf12767','dlawjdgur94','2024-05-03 00:35:55',0,0,0,'jpn',NULL),(566,'asdf780','asdf12780','dlawjdgur94','2024-05-03 00:35:55',0,0,0,'jpn',NULL),(567,'asdf793','asdf12793','dlawjdgur94','2024-05-03 00:35:55',0,0,0,'jpn',NULL),(568,'asdf806','asdf12806','dlawjdgur94','2024-05-03 00:35:55',0,0,0,'jpn',NULL),(569,'asdf819','asdf12819','dlawjdgur94','2024-05-03 00:35:55',0,0,0,'jpn',NULL),(570,'asdf832','asdf12832','dlawjdgur94','2024-05-03 00:35:55',0,0,0,'jpn',NULL),(571,'asdf845','asdf12845','dlawjdgur94','2024-05-03 00:35:55',0,0,0,'jpn',NULL),(572,'asdf858','asdf12858','dlawjdgur94','2024-05-03 00:35:55',0,0,0,'jpn',NULL),(573,'asdf871','asdf12871','dlawjdgur94','2024-05-03 00:35:55',0,0,0,'jpn',NULL),(574,'asdf884','asdf12884','dlawjdgur94','2024-05-03 00:35:55',0,0,0,'jpn',NULL),(575,'asdf897','asdf12897','dlawjdgur94','2024-05-03 00:35:55',0,0,0,'jpn',NULL),(576,'asdf910','asdf12910','dlawjdgur94','2024-05-03 00:35:55',0,0,0,'jpn',NULL),(577,'asdf923','asdf12923','dlawjdgur94','2024-05-03 00:35:55',0,0,0,'jpn',NULL),(578,'asdf936','asdf12936','dlawjdgur94','2024-05-03 00:35:55',0,0,0,'jpn',NULL),(579,'asdf949','asdf12949','dlawjdgur94','2024-05-03 00:35:55',0,0,0,'jpn',NULL),(580,'asdf962','asdf12962','dlawjdgur94','2024-05-03 00:35:55',0,0,0,'jpn',NULL),(581,'asdf975','asdf12975','dlawjdgur94','2024-05-03 00:35:55',0,0,0,'jpn',NULL),(582,'asdf988','asdf12988','dlawjdgur94','2024-05-03 00:35:55',0,0,0,'jpn',NULL),(583,'asdf1001','asdf121001','dlawjdgur94','2024-05-03 00:35:55',0,0,0,'jpn',NULL),(584,'asdf1014','asdf121014','dlawjdgur94','2024-05-03 00:35:55',0,0,0,'jpn',NULL),(585,'asdf1027','asdf121027','dlawjdgur94','2024-05-03 00:35:55',0,0,0,'jpn',NULL),(586,'asdf1040','asdf121040','dlawjdgur94','2024-05-03 00:35:55',0,0,0,'jpn',NULL),(587,'asdf1053','asdf121053','dlawjdgur94','2024-05-03 00:35:56',0,0,0,'jpn',NULL),(588,'asdf1066','asdf121066','dlawjdgur94','2024-05-03 00:35:56',0,0,0,'jpn',NULL),(589,'asdf1079','asdf121079','dlawjdgur94','2024-05-03 00:35:56',0,0,0,'jpn',NULL),(590,'asdf1092','asdf121092','dlawjdgur94','2024-05-03 00:35:56',0,0,0,'jpn',NULL),(591,'asdf1105','asdf121105','dlawjdgur94','2024-05-03 00:35:56',0,0,0,'jpn',NULL),(592,'asdf1118','asdf121118','dlawjdgur94','2024-05-03 00:35:56',0,0,0,'jpn',NULL),(593,'asdf1131','asdf121131','dlawjdgur94','2024-05-03 00:35:56',0,0,0,'jpn',NULL),(594,'asdf1144','asdf121144','dlawjdgur94','2024-05-03 00:35:56',0,0,0,'jpn',NULL),(595,'asdf1157','asdf121157','dlawjdgur94','2024-05-03 00:35:56',0,0,0,'jpn',NULL),(596,'asdf1170','asdf121170','dlawjdgur94','2024-05-03 00:35:56',0,0,0,'jpn',NULL),(597,'asdf1183','asdf121183','dlawjdgur94','2024-05-03 00:35:56',0,0,0,'jpn',NULL),(598,'asdf1196','asdf121196','dlawjdgur94','2024-05-03 00:35:56',0,0,0,'jpn',NULL),(599,'asdf1209','asdf121209','dlawjdgur94','2024-05-03 00:35:56',0,0,0,'jpn',NULL),(600,'asdf1222','asdf121222','dlawjdgur94','2024-05-03 00:35:56',0,0,0,'jpn',NULL),(601,'asdf1235','asdf121235','dlawjdgur94','2024-05-03 00:35:56',0,0,0,'jpn',NULL),(602,'asdf1248','asdf121248','dlawjdgur94','2024-05-03 00:35:56',0,0,0,'jpn',NULL),(603,'asdf1261','asdf121261','dlawjdgur94','2024-05-03 00:35:56',2,0,0,'jpn',NULL),(604,'asdf1274','asdf121274','dlawjdgur94','2024-05-03 00:35:56',0,0,0,'jpn',NULL),(605,'asdf1287','asdf121287','dlawjdgur94','2024-05-03 00:35:56',0,0,0,'jpn',NULL),(606,'asdf1300','asdf121300','dlawjdgur94','2024-05-03 00:35:56',1,0,0,'jpn',NULL),(607,'asdf0','asdf120','dlawjdgur94','2024-05-03 00:36:23',0,0,0,'eur',NULL),(608,'asdf18','asdf1218','dlawjdgur94','2024-05-03 00:36:23',0,0,0,'eur',NULL),(609,'asdf36','asdf1236','dlawjdgur94','2024-05-03 00:36:23',0,0,0,'eur',NULL),(610,'asdf54','asdf1254','dlawjdgur94','2024-05-03 00:36:23',0,0,0,'eur',NULL),(611,'asdf72','asdf1272','dlawjdgur94','2024-05-03 00:36:23',0,0,0,'eur',NULL),(612,'asdf90','asdf1290','dlawjdgur94','2024-05-03 00:36:23',0,0,0,'eur',NULL),(613,'asdf108','asdf12108','dlawjdgur94','2024-05-03 00:36:23',0,0,0,'eur',NULL),(614,'asdf126','asdf12126','dlawjdgur94','2024-05-03 00:36:23',0,0,0,'eur',NULL),(615,'asdf144','asdf12144','dlawjdgur94','2024-05-03 00:36:23',0,0,0,'eur',NULL),(616,'asdf162','asdf12162','dlawjdgur94','2024-05-03 00:36:23',0,0,0,'eur',NULL),(617,'asdf180','asdf12180','dlawjdgur94','2024-05-03 00:36:23',0,0,0,'eur',NULL),(618,'asdf198','asdf12198','dlawjdgur94','2024-05-03 00:36:24',0,0,0,'eur',NULL),(619,'asdf216','asdf12216','dlawjdgur94','2024-05-03 00:36:24',0,0,0,'eur',NULL),(620,'asdf234','asdf12234','dlawjdgur94','2024-05-03 00:36:24',0,0,0,'eur',NULL),(621,'asdf252','asdf12252','dlawjdgur94','2024-05-03 00:36:24',0,0,0,'eur',NULL),(622,'asdf270','asdf12270','dlawjdgur94','2024-05-03 00:36:24',0,0,0,'eur',NULL),(623,'asdf288','asdf12288','dlawjdgur94','2024-05-03 00:36:24',0,0,0,'eur',NULL),(624,'asdf306','asdf12306','dlawjdgur94','2024-05-03 00:36:24',0,0,0,'eur',NULL),(625,'asdf324','asdf12324','dlawjdgur94','2024-05-03 00:36:24',0,0,0,'eur',NULL),(626,'asdf342','asdf12342','dlawjdgur94','2024-05-03 00:36:24',0,0,0,'eur',NULL),(627,'asdf360','asdf12360','dlawjdgur94','2024-05-03 00:36:24',0,0,0,'eur',NULL),(628,'asdf378','asdf12378','dlawjdgur94','2024-05-03 00:36:24',0,0,0,'eur',NULL),(629,'asdf396','asdf12396','dlawjdgur94','2024-05-03 00:36:24',0,0,0,'eur',NULL),(630,'asdf414','asdf12414','dlawjdgur94','2024-05-03 00:36:24',0,0,0,'eur',NULL),(631,'asdf432','asdf12432','dlawjdgur94','2024-05-03 00:36:24',0,0,0,'eur',NULL),(632,'asdf450','asdf12450','dlawjdgur94','2024-05-03 00:36:24',0,0,0,'eur',NULL),(633,'asdf468','asdf12468','dlawjdgur94','2024-05-03 00:36:24',0,0,0,'eur',NULL),(634,'asdf486','asdf12486','dlawjdgur94','2024-05-03 00:36:24',0,0,0,'eur',NULL),(635,'asdf504','asdf12504','dlawjdgur94','2024-05-03 00:36:24',0,0,0,'eur',NULL),(636,'asdf522','asdf12522','dlawjdgur94','2024-05-03 00:36:24',0,0,0,'eur',NULL),(637,'asdf540','asdf12540','dlawjdgur94','2024-05-03 00:36:24',0,0,0,'eur',NULL),(638,'asdf558','asdf12558','dlawjdgur94','2024-05-03 00:36:24',0,0,0,'eur',NULL),(639,'asdf576','asdf12576','dlawjdgur94','2024-05-03 00:36:24',0,0,0,'eur',NULL),(640,'asdf594','asdf12594','dlawjdgur94','2024-05-03 00:36:24',0,0,0,'eur',NULL),(641,'asdf612','asdf12612','dlawjdgur94','2024-05-03 00:36:24',0,0,0,'eur',NULL),(642,'asdf630','asdf12630','dlawjdgur94','2024-05-03 00:36:24',0,0,0,'eur',NULL),(643,'asdf648','asdf12648','dlawjdgur94','2024-05-03 00:36:24',0,0,0,'eur',NULL),(644,'asdf666','asdf12666','dlawjdgur94','2024-05-03 00:36:24',0,0,0,'eur',NULL),(645,'asdf684','asdf12684','dlawjdgur94','2024-05-03 00:36:24',0,0,0,'eur',NULL),(646,'asdf702','asdf12702','dlawjdgur94','2024-05-03 00:36:24',0,0,0,'eur',NULL),(647,'asdf720','asdf12720','dlawjdgur94','2024-05-03 00:36:24',0,0,0,'eur',NULL),(648,'asdf738','asdf12738','dlawjdgur94','2024-05-03 00:36:24',0,0,0,'eur',NULL),(649,'asdf756','asdf12756','dlawjdgur94','2024-05-03 00:36:24',0,0,0,'eur',NULL),(650,'asdf774','asdf12774','dlawjdgur94','2024-05-03 00:36:24',0,0,0,'eur',NULL),(651,'asdf792','asdf12792','dlawjdgur94','2024-05-03 00:36:24',0,0,0,'eur',NULL),(652,'asdf810','asdf12810','dlawjdgur94','2024-05-03 00:36:24',0,0,0,'eur',NULL),(653,'asdf828','asdf12828','dlawjdgur94','2024-05-03 00:36:24',0,0,0,'eur',NULL),(654,'asdf846','asdf12846','dlawjdgur94','2024-05-03 00:36:24',0,0,0,'eur',NULL),(655,'asdf864','asdf12864','dlawjdgur94','2024-05-03 00:36:24',0,0,0,'eur',NULL),(656,'asdf882','asdf12882','dlawjdgur94','2024-05-03 00:36:24',0,0,0,'eur',NULL),(657,'asdf900','asdf12900','dlawjdgur94','2024-05-03 00:36:24',0,0,0,'eur',NULL),(658,'asdf918','asdf12918','dlawjdgur94','2024-05-03 00:36:24',0,0,0,'eur',NULL),(659,'asdf936','asdf12936','dlawjdgur94','2024-05-03 00:36:24',0,0,0,'eur',NULL),(660,'asdf954','asdf12954','dlawjdgur94','2024-05-03 00:36:24',0,0,0,'eur',NULL),(661,'asdf972','asdf12972','dlawjdgur94','2024-05-03 00:36:24',0,0,0,'eur',NULL),(662,'asdf990','asdf12990','dlawjdgur94','2024-05-03 00:36:24',0,0,0,'eur',NULL),(663,'asdf1008','asdf121008','dlawjdgur94','2024-05-03 00:36:24',0,0,0,'eur',NULL),(664,'asdf1026','asdf121026','dlawjdgur94','2024-05-03 00:36:24',0,0,0,'eur',NULL),(665,'asdf1044','asdf121044','dlawjdgur94','2024-05-03 00:36:24',0,0,0,'eur',NULL),(666,'asdf1062','asdf121062','dlawjdgur94','2024-05-03 00:36:24',0,0,0,'eur',NULL),(667,'asdf1080','asdf121080','dlawjdgur94','2024-05-03 00:36:24',0,0,0,'eur',NULL),(668,'asdf1098','asdf121098','dlawjdgur94','2024-05-03 00:36:24',0,0,0,'eur',NULL),(669,'asdf1116','asdf121116','dlawjdgur94','2024-05-03 00:36:24',0,0,0,'eur',NULL),(670,'asdf1134','asdf121134','dlawjdgur94','2024-05-03 00:36:24',0,0,0,'eur',NULL),(671,'asdf1152','asdf121152','dlawjdgur94','2024-05-03 00:36:24',0,0,0,'eur',NULL),(672,'asdf1170','asdf121170','dlawjdgur94','2024-05-03 00:36:24',0,0,0,'eur',NULL),(673,'asdf1188','asdf121188','dlawjdgur94','2024-05-03 00:36:24',0,0,0,'eur',NULL),(674,'asdf1206','asdf121206','dlawjdgur94','2024-05-03 00:36:24',0,0,0,'eur',NULL),(675,'asdf1224','asdf121224','dlawjdgur94','2024-05-03 00:36:24',0,0,0,'eur',NULL),(676,'asdf1242','asdf121242','dlawjdgur94','2024-05-03 00:36:24',0,0,0,'eur',NULL),(677,'asdf1260','asdf121260','dlawjdgur94','2024-05-03 00:36:24',0,0,0,'eur',NULL),(678,'asdf1278','asdf121278','dlawjdgur94','2024-05-03 00:36:24',0,0,0,'eur',NULL),(679,'asdf1296','asdf121296','dlawjdgur94','2024-05-03 00:36:24',0,0,0,'eur',NULL),(680,'asdf1314','asdf121314','dlawjdgur94','2024-05-03 00:36:24',0,0,0,'eur',NULL),(681,'asdf1332','asdf121332','dlawjdgur94','2024-05-03 00:36:24',0,0,0,'eur',NULL),(682,'asdf1350','asdf121350','dlawjdgur94','2024-05-03 00:36:24',0,0,0,'eur',NULL),(683,'asdf1368','asdf121368','dlawjdgur94','2024-05-03 00:36:24',0,0,0,'eur',NULL),(684,'asdf1386','asdf121386','dlawjdgur94','2024-05-03 00:36:24',0,0,0,'eur',NULL),(685,'asdf1404','asdf121404','dlawjdgur94','2024-05-03 00:36:24',0,0,0,'eur',NULL),(686,'asdf1422','asdf121422','dlawjdgur94','2024-05-03 00:36:24',0,0,0,'eur',NULL),(687,'asdf1440','asdf121440','dlawjdgur94','2024-05-03 00:36:24',0,0,0,'eur',NULL),(688,'asdf1458','asdf121458','dlawjdgur94','2024-05-03 00:36:24',0,0,0,'eur',NULL),(689,'asdf1476','asdf121476','dlawjdgur94','2024-05-03 00:36:24',0,0,0,'eur',NULL),(690,'asdf1494','asdf121494','dlawjdgur94','2024-05-03 00:36:24',0,0,0,'eur',NULL),(691,'asdf1512','asdf121512','dlawjdgur94','2024-05-03 00:36:24',0,0,0,'eur',NULL),(692,'asdf1530','asdf121530','dlawjdgur94','2024-05-03 00:36:24',0,0,0,'eur',NULL),(693,'asdf1548','asdf121548','dlawjdgur94','2024-05-03 00:36:24',0,0,0,'eur',NULL),(694,'asdf1566','asdf121566','dlawjdgur94','2024-05-03 00:36:24',0,0,0,'eur',NULL),(695,'asdf1584','asdf121584','dlawjdgur94','2024-05-03 00:36:24',0,0,0,'eur',NULL),(696,'asdf1602','asdf121602','dlawjdgur94','2024-05-03 00:36:24',0,0,0,'eur',NULL),(697,'asdf1620','asdf121620','dlawjdgur94','2024-05-03 00:36:24',0,0,0,'eur',NULL),(698,'asdf1638','asdf121638','dlawjdgur94','2024-05-03 00:36:24',0,0,0,'eur',NULL),(699,'asdf1656','asdf121656','dlawjdgur94','2024-05-03 00:36:24',0,0,0,'eur',NULL),(700,'asdf1674','asdf121674','dlawjdgur94','2024-05-03 00:36:24',0,0,0,'eur',NULL),(701,'asdf1692','asdf121692','dlawjdgur94','2024-05-03 00:36:24',0,0,0,'eur',NULL),(702,'asdf1710','asdf121710','dlawjdgur94','2024-05-03 00:36:24',0,0,0,'eur',NULL),(703,'asdf1728','asdf121728','dlawjdgur94','2024-05-03 00:36:24',0,0,0,'eur',NULL),(704,'asdf1746','asdf121746','dlawjdgur94','2024-05-03 00:36:24',0,0,0,'eur',NULL),(705,'asdf1764','asdf121764','dlawjdgur94','2024-05-03 00:36:24',0,0,0,'eur',NULL),(706,'asdf1782','asdf121782','dlawjdgur94','2024-05-03 00:36:24',0,0,0,'eur',NULL),(707,'asdf1800','asdf121800','dlawjdgur94','2024-05-03 00:36:24',1,4,0,'eur',NULL),(708,'asdf0','asdf120','dlawjdgur94','2024-05-03 00:37:29',0,0,0,'east',NULL),(709,'asdf3','asdf123','dlawjdgur94','2024-05-03 00:37:29',0,0,0,'east',NULL),(710,'asdf6','asdf126','dlawjdgur94','2024-05-03 00:37:29',0,0,0,'east',NULL),(711,'asdf9','asdf129','dlawjdgur94','2024-05-03 00:37:29',0,0,0,'east',NULL),(712,'asdf12','asdf1212','dlawjdgur94','2024-05-03 00:37:29',0,0,0,'east',NULL),(713,'asdf15','asdf1215','dlawjdgur94','2024-05-03 00:37:29',0,0,0,'east',NULL),(714,'asdf18','asdf1218','dlawjdgur94','2024-05-03 00:37:29',0,0,0,'east',NULL),(715,'asdf21','asdf1221','dlawjdgur94','2024-05-03 00:37:29',0,0,0,'east',NULL),(716,'asdf24','asdf1224','dlawjdgur94','2024-05-03 00:37:29',0,0,0,'east',NULL),(717,'asdf27','asdf1227','dlawjdgur94','2024-05-03 00:37:29',0,0,0,'east',NULL),(718,'asdf30','asdf1230','dlawjdgur94','2024-05-03 00:37:29',0,0,0,'east',NULL),(719,'asdf33','asdf1233','dlawjdgur94','2024-05-03 00:37:29',0,0,0,'east',NULL),(720,'asdf36','asdf1236','dlawjdgur94','2024-05-03 00:37:29',0,0,0,'east',NULL),(721,'asdf39','asdf1239','dlawjdgur94','2024-05-03 00:37:29',0,0,0,'east',NULL),(722,'asdf42','asdf1242','dlawjdgur94','2024-05-03 00:37:29',0,0,0,'east',NULL),(723,'asdf45','asdf1245','dlawjdgur94','2024-05-03 00:37:29',0,0,0,'east',NULL),(724,'asdf48','asdf1248','dlawjdgur94','2024-05-03 00:37:29',0,0,0,'east',NULL),(725,'asdf51','asdf1251','dlawjdgur94','2024-05-03 00:37:29',0,0,0,'east',NULL),(726,'asdf54','asdf1254','dlawjdgur94','2024-05-03 00:37:29',0,0,0,'east',NULL),(727,'asdf57','asdf1257','dlawjdgur94','2024-05-03 00:37:29',0,0,0,'east',NULL),(728,'asdf60','asdf1260','dlawjdgur94','2024-05-03 00:37:29',0,0,0,'east',NULL),(729,'asdf63','asdf1263','dlawjdgur94','2024-05-03 00:37:29',0,0,0,'east',NULL),(730,'asdf66','asdf1266','dlawjdgur94','2024-05-03 00:37:29',0,0,0,'east',NULL),(731,'asdf69','asdf1269','dlawjdgur94','2024-05-03 00:37:29',0,0,0,'east',NULL),(732,'asdf72','asdf1272','dlawjdgur94','2024-05-03 00:37:29',0,0,0,'east',NULL),(733,'asdf75','asdf1275','dlawjdgur94','2024-05-03 00:37:29',0,0,0,'east',NULL),(734,'asdf78','asdf1278','dlawjdgur94','2024-05-03 00:37:29',0,0,0,'east',NULL),(735,'asdf81','asdf1281','dlawjdgur94','2024-05-03 00:37:29',0,0,0,'east',NULL),(736,'asdf84','asdf1284','dlawjdgur94','2024-05-03 00:37:29',0,0,0,'east',NULL),(737,'asdf87','asdf1287','dlawjdgur94','2024-05-03 00:37:29',0,0,0,'east',NULL),(738,'asdf90','asdf1290','dlawjdgur94','2024-05-03 00:37:29',0,0,0,'east',NULL),(739,'asdf93','asdf1293','dlawjdgur94','2024-05-03 00:37:29',0,0,0,'east',NULL),(740,'asdf96','asdf1296','dlawjdgur94','2024-05-03 00:37:29',0,0,0,'east',NULL),(741,'asdf99','asdf1299','dlawjdgur94','2024-05-03 00:37:30',0,0,0,'east',NULL),(742,'asdf102','asdf12102','dlawjdgur94','2024-05-03 00:37:30',1,0,0,'east',NULL),(743,'asdf105','asdf12105','dlawjdgur94','2024-05-03 00:37:30',0,0,0,'east',NULL),(744,'asdf108','asdf12108','dlawjdgur94','2024-05-03 00:37:30',0,0,0,'east',NULL),(745,'asdf111','asdf12111','dlawjdgur94','2024-05-03 00:37:30',0,0,0,'east',NULL),(746,'asdf114','asdf12114','dlawjdgur94','2024-05-03 00:37:30',0,0,0,'east',NULL),(747,'asdf117','asdf12117','dlawjdgur94','2024-05-03 00:37:30',0,0,0,'east',NULL),(748,'asdf120','asdf12120','dlawjdgur94','2024-05-03 00:37:30',0,0,0,'east',NULL),(749,'asdf123','asdf12123','dlawjdgur94','2024-05-03 00:37:30',0,0,0,'east',NULL),(750,'asdf126','asdf12126','dlawjdgur94','2024-05-03 00:37:30',0,0,0,'east',NULL),(751,'asdf129','asdf12129','dlawjdgur94','2024-05-03 00:37:30',0,0,0,'east',NULL),(752,'asdf132','asdf12132','dlawjdgur94','2024-05-03 00:37:30',0,0,0,'east',NULL),(753,'asdf135','asdf12135','dlawjdgur94','2024-05-03 00:37:30',0,0,0,'east',NULL),(754,'asdf138','asdf12138','dlawjdgur94','2024-05-03 00:37:30',0,0,0,'east',NULL),(755,'asdf141','asdf12141','dlawjdgur94','2024-05-03 00:37:30',0,0,0,'east',NULL),(756,'asdf144','asdf12144','dlawjdgur94','2024-05-03 00:37:30',0,0,0,'east',NULL),(757,'asdf147','asdf12147','dlawjdgur94','2024-05-03 00:37:30',0,0,0,'east',NULL),(758,'asdf150','asdf12150','dlawjdgur94','2024-05-03 00:37:30',0,0,0,'east',NULL),(759,'asdf153','asdf12153','dlawjdgur94','2024-05-03 00:37:30',0,0,0,'east',NULL),(760,'asdf156','asdf12156','dlawjdgur94','2024-05-03 00:37:30',0,0,0,'east',NULL),(761,'asdf159','asdf12159','dlawjdgur94','2024-05-03 00:37:30',0,0,0,'east',NULL),(762,'asdf162','asdf12162','dlawjdgur94','2024-05-03 00:37:30',0,0,0,'east',NULL),(763,'asdf165','asdf12165','dlawjdgur94','2024-05-03 00:37:30',0,0,0,'east',NULL),(764,'asdf168','asdf12168','dlawjdgur94','2024-05-03 00:37:30',0,0,0,'east',NULL),(765,'asdf171','asdf12171','dlawjdgur94','2024-05-03 00:37:30',0,0,0,'east',NULL),(766,'asdf174','asdf12174','dlawjdgur94','2024-05-03 00:37:30',0,0,0,'east',NULL),(767,'asdf177','asdf12177','dlawjdgur94','2024-05-03 00:37:30',0,0,0,'east',NULL),(768,'asdf180','asdf12180','dlawjdgur94','2024-05-03 00:37:30',0,0,0,'east',NULL),(769,'asdf183','asdf12183','dlawjdgur94','2024-05-03 00:37:30',0,0,0,'east',NULL),(770,'asdf186','asdf12186','dlawjdgur94','2024-05-03 00:37:30',0,0,0,'east',NULL),(771,'asdf189','asdf12189','dlawjdgur94','2024-05-03 00:37:30',0,0,0,'east',NULL),(772,'asdf192','asdf12192','dlawjdgur94','2024-05-03 00:37:30',0,0,0,'east',NULL),(773,'asdf195','asdf12195','dlawjdgur94','2024-05-03 00:37:30',0,0,0,'east',NULL),(774,'asdf198','asdf12198','dlawjdgur94','2024-05-03 00:37:30',0,0,0,'east',NULL),(775,'asdf201','asdf12201','dlawjdgur94','2024-05-03 00:37:30',0,0,0,'east',NULL),(776,'asdf204','asdf12204','dlawjdgur94','2024-05-03 00:37:30',0,0,0,'east',NULL),(777,'asdf207','asdf12207','dlawjdgur94','2024-05-03 00:37:30',0,0,0,'east',NULL),(778,'asdf210','asdf12210','dlawjdgur94','2024-05-03 00:37:30',0,0,0,'east',NULL),(779,'asdf213','asdf12213','dlawjdgur94','2024-05-03 00:37:30',0,0,0,'east',NULL),(780,'asdf216','asdf12216','dlawjdgur94','2024-05-03 00:37:30',0,0,0,'east',NULL),(781,'asdf219','asdf12219','dlawjdgur94','2024-05-03 00:37:30',0,0,0,'east',NULL),(782,'asdf222','asdf12222','dlawjdgur94','2024-05-03 00:37:30',0,0,0,'east',NULL),(783,'asdf225','asdf12225','dlawjdgur94','2024-05-03 00:37:30',0,0,0,'east',NULL),(784,'asdf228','asdf12228','dlawjdgur94','2024-05-03 00:37:30',0,0,0,'east',NULL),(785,'asdf231','asdf12231','dlawjdgur94','2024-05-03 00:37:30',0,0,0,'east',NULL),(786,'asdf234','asdf12234','dlawjdgur94','2024-05-03 00:37:30',0,0,0,'east',NULL),(787,'asdf237','asdf12237','dlawjdgur94','2024-05-03 00:37:30',0,0,0,'east',NULL),(788,'asdf240','asdf12240','dlawjdgur94','2024-05-03 00:37:30',0,0,0,'east',NULL),(789,'asdf243','asdf12243','dlawjdgur94','2024-05-03 00:37:30',0,0,0,'east',NULL),(790,'asdf246','asdf12246','dlawjdgur94','2024-05-03 00:37:30',0,0,0,'east',NULL),(791,'asdf249','asdf12249','dlawjdgur94','2024-05-03 00:37:30',0,0,0,'east',NULL),(792,'asdf252','asdf12252','dlawjdgur94','2024-05-03 00:37:30',0,0,0,'east',NULL),(793,'asdf255','asdf12255','dlawjdgur94','2024-05-03 00:37:30',0,0,0,'east',NULL),(794,'asdf258','asdf12258','dlawjdgur94','2024-05-03 00:37:30',0,0,0,'east',NULL),(795,'asdf261','asdf12261','dlawjdgur94','2024-05-03 00:37:30',0,0,0,'east',NULL),(796,'asdf264','asdf12264','dlawjdgur94','2024-05-03 00:37:30',0,0,0,'east',NULL),(797,'asdf267','asdf12267','dlawjdgur94','2024-05-03 00:37:30',0,0,0,'east',NULL),(798,'asdf270','asdf12270','dlawjdgur94','2024-05-03 00:37:30',0,0,0,'east',NULL),(799,'asdf273','asdf12273','dlawjdgur94','2024-05-03 00:37:30',0,0,0,'east',NULL),(800,'asdf276','asdf12276','dlawjdgur94','2024-05-03 00:37:30',0,0,0,'east',NULL),(801,'asdf279','asdf12279','dlawjdgur94','2024-05-03 00:37:30',0,0,0,'east',NULL),(802,'asdf282','asdf12282','dlawjdgur94','2024-05-03 00:37:30',1,0,0,'east',NULL),(803,'asdf285','asdf12285','dlawjdgur94','2024-05-03 00:37:30',0,0,0,'east',NULL),(804,'asdf288','asdf12288','dlawjdgur94','2024-05-03 00:37:30',0,0,0,'east',NULL),(805,'asdf291','asdf12291','dlawjdgur94','2024-05-03 00:37:30',0,0,0,'east',NULL),(806,'asdf294','asdf12294','dlawjdgur94','2024-05-03 00:37:30',0,0,0,'east',NULL),(807,'asdf297','asdf12297','dlawjdgur94','2024-05-03 00:37:30',0,0,0,'east',NULL),(808,'asdf300','asdf12300','dlawjdgur94','2024-05-03 00:37:30',1,0,0,'east',NULL),(809,'','.','dlawjdgur94','2024-05-03 05:19:49',4,0,0,'kor',NULL),(810,'','.','dlawjdgur94','2024-05-03 05:20:19',12,0,0,'kor',NULL),(811,'','','dlawjdgur94','2024-05-03 05:20:31',97,4,1,'kor',NULL),(812,'123','123','dlawjdgur94','2024-05-07 05:34:44',5,3,0,'eng',NULL),(813,'gkdl','gd\r\n\r\n\r\n123','dlawjdgur94','2024-05-07 05:35:10',94,11,1,'kor',NULL),(814,'123','123','dlawjdgur94','2024-05-24 05:41:51',2,0,0,'kor',NULL),(815,'123','123,','dlawjdgur94','2024-05-24 05:51:48',1,0,0,'kor',NULL),(816,'123','123,','dlawjdgur94','2024-05-24 05:59:41',1,0,0,'kor',NULL),(817,'123','123','dlawjdgur94','2024-05-24 06:30:14',5,0,0,'kor',NULL),(818,'','','dlawjdgur94','2024-05-24 07:10:21',12,0,0,'kor',NULL),(819,'','dkssud','dlawjdgur94','2024-05-24 07:19:28',1,0,0,'kor',NULL),(820,'123','412','dlawjdgur94','2024-05-24 07:23:12',0,0,0,'kor',NULL),(821,'123','1\r\n\r\n23123','dlawjdgur94','2024-05-24 07:25:04',31,0,0,'kor','d4df5110-cbd9-4eba-a7f5-b18a16da21c3-.png'),(822,'14212','1242\r\n\r\n\r\n\r\n1','dlawjdgur94','2024-05-24 07:59:34',26,0,0,'kor','a088f869-85f8-4b73-8038-1ad7ef3a327b-.png'),(823,'123','112\\<br><br>.<br><br><br><br>123','dlawjdgur94','2024-05-27 02:03:39',12,0,0,'kor',''),(824,'123','123','dlawjdgur94','2024-05-27 02:22:12',6,0,0,'kor','28cefb93-aac8-49e8-98e8-12bbffdc9097-.png'),(825,'a','a','dlawjdgur94','2024-05-27 02:32:16',1,0,0,'kor',NULL),(826,'123','123','dlawjdgur94','2024-05-27 02:32:32',1,0,0,'kor',NULL),(827,'123','123','dlawjdgur94','2024-05-27 02:33:41',1,0,0,'kor','72d88f54-5d3e-4a9d-b606-bbfb0d253753-.png');
/*!40000 ALTER TABLE `board` ENABLE KEYS */;
UNLOCK TABLES;

--
-- Table structure for table `comment_b`
--

DROP TABLE IF EXISTS `comment_b`;
/*!40101 SET @saved_cs_client     = @@character_set_client */;
/*!50503 SET character_set_client = utf8mb4 */;
CREATE TABLE `comment_b` (
  `cno` int NOT NULL AUTO_INCREMENT,
  `bno` int NOT NULL,
  `comment` varchar(300) NOT NULL,
  `commenter` varchar(20) NOT NULL,
  `regDate` timestamp NULL DEFAULT CURRENT_TIMESTAMP,
  PRIMARY KEY (`cno`),
  KEY `comment_b_ibfk_1_idx` (`bno`),
  KEY `comment_b_ibfk_2_idx` (`commenter`),
  CONSTRAINT `comment_b_ibfk_1` FOREIGN KEY (`bno`) REFERENCES `board` (`bno`),
  CONSTRAINT `comment_b_ibfk_2` FOREIGN KEY (`commenter`) REFERENCES `member` (`id`)
) ENGINE=InnoDB AUTO_INCREMENT=29 DEFAULT CHARSET=utf8mb4 COLLATE=utf8mb4_0900_ai_ci;
/*!40101 SET character_set_client = @saved_cs_client */;

--
-- Dumping data for table `comment_b`
--

LOCK TABLES `comment_b` WRITE;
/*!40000 ALTER TABLE `comment_b` DISABLE KEYS */;
INSERT INTO `comment_b` VALUES (1,811,'123','dlawjdgur94','2024-05-03 06:46:10'),(2,811,'123','dlawjdgur94','2024-05-03 06:56:02'),(3,811,'123','dlawjdgur94','2024-05-03 06:57:08'),(4,811,'123','dlawjdgur94','2024-05-03 06:57:28'),(5,811,'123','dlawjdgur94','2024-05-03 06:57:57'),(6,811,'123','dlawjdgur94','2024-05-03 06:58:01'),(7,811,'123','dlawjdgur94','2024-05-07 05:10:29'),(8,811,'asdasd','dlawjdgur94','2024-05-07 05:10:45'),(9,298,'123','dlawjdgur94','2024-05-07 06:49:37'),(10,813,'asd','dlawjdgur94','2024-05-13 05:37:07'),(11,813,' qwerftqwefqaf<br>qwfwq<br>fqwf ','dlawjdgur94','2024-05-24 01:05:36'),(12,813,'  \n','dlawjdgur94','2024-05-13 05:37:38'),(13,209,'123','dlawjdgur94','2024-05-21 02:27:20'),(14,812,'123','dlawjdgur94','2024-05-21 05:20:40'),(15,812,'444','dlawjdgur94','2024-05-21 05:20:41'),(16,812,'555','dlawjdgur94','2024-05-21 05:20:43'),(17,813,' 123123 ','dlawjdgur94','2024-05-23 08:47:27'),(18,813,' <br><br> ','dlawjdgur94','2024-05-24 01:23:57'),(19,813,'123','dlawjdgur94','2024-05-22 07:14:12'),(20,813,'123<br><br>123','dlawjdgur94','2024-05-23 08:31:59'),(21,707,'123','dlawjdgur94','2024-05-23 08:48:50'),(22,707,'123','dlawjdgur94','2024-05-23 08:48:50'),(23,707,'123','dlawjdgur94','2024-05-23 08:48:51'),(24,707,'123','dlawjdgur94','2024-05-23 08:48:52'),(25,813,' 123 <br><br>123','dlawjdgur94','2024-05-24 00:36:46'),(26,813,'123<br><br>123   ','dlawjdgur94','2024-05-24 01:02:42'),(27,813,'   234<br><br>234   ','dlawjdgur94','2024-05-24 01:03:11'),(28,813,'234<br><br><br>234','dlawjdgur94','2024-05-24 01:03:17');
/*!40000 ALTER TABLE `comment_b` ENABLE KEYS */;
UNLOCK TABLES;

--
-- Table structure for table `fileinfo`
--

DROP TABLE IF EXISTS `fileinfo`;
/*!40101 SET @saved_cs_client     = @@character_set_client */;
/*!50503 SET character_set_client = utf8mb4 */;
CREATE TABLE `fileinfo` (
  `fno` int NOT NULL AUTO_INCREMENT,
  `content` text NOT NULL,
  `fileName` varchar(200) DEFAULT NULL,
  `writer` varchar(45) NOT NULL,
  `regDate` timestamp NOT NULL DEFAULT CURRENT_TIMESTAMP,
  PRIMARY KEY (`fno`)
) ENGINE=InnoDB AUTO_INCREMENT=3 DEFAULT CHARSET=utf8mb4 COLLATE=utf8mb4_0900_ai_ci;
/*!40101 SET character_set_client = @saved_cs_client */;

--
-- Dumping data for table `fileinfo`
--

LOCK TABLES `fileinfo` WRITE;
/*!40000 ALTER TABLE `fileinfo` DISABLE KEYS */;
INSERT INTO `fileinfo` VALUES (1,'123','4b7bd4b4-3018-4212-9c76-12c7303e0275-fhrh.png','dlawjdgur94','2024-05-24 06:00:57'),(2,'123','1b3bcc88-6bb7-48f5-b12d-7c976ad203e2-.png','dlawjdgur94','2024-05-24 06:30:14');
/*!40000 ALTER TABLE `fileinfo` ENABLE KEYS */;
UNLOCK TABLES;

--
-- Table structure for table `like_b`
--

DROP TABLE IF EXISTS `like_b`;
/*!40101 SET @saved_cs_client     = @@character_set_client */;
/*!50503 SET character_set_client = utf8mb4 */;
CREATE TABLE `like_b` (
  `lno` int NOT NULL AUTO_INCREMENT,
  `id` varchar(20) NOT NULL,
  `bno` int NOT NULL,
  PRIMARY KEY (`lno`),
  KEY `like_b_ibfk_1_idx` (`id`),
  CONSTRAINT `like_b_ibfk_1` FOREIGN KEY (`id`) REFERENCES `member` (`id`)
) ENGINE=InnoDB AUTO_INCREMENT=9 DEFAULT CHARSET=utf8mb4 COLLATE=utf8mb4_0900_ai_ci;
/*!40101 SET character_set_client = @saved_cs_client */;

--
-- Dumping data for table `like_b`
--

LOCK TABLES `like_b` WRITE;
/*!40000 ALTER TABLE `like_b` DISABLE KEYS */;
INSERT INTO `like_b` VALUES (2,'dlawjdgur94',811),(5,'dlawjdgur94',210),(6,'dlawjdgur94',813);
/*!40000 ALTER TABLE `like_b` ENABLE KEYS */;
UNLOCK TABLES;

--
-- Table structure for table `like_m`
--

DROP TABLE IF EXISTS `like_m`;
/*!40101 SET @saved_cs_client     = @@character_set_client */;
/*!50503 SET character_set_client = utf8mb4 */;
CREATE TABLE `like_m` (
  `lno` int NOT NULL AUTO_INCREMENT,
  `mno` int NOT NULL,
  `id` varchar(20) NOT NULL,
  `good` int NOT NULL DEFAULT '0',
  `score` float DEFAULT '0',
  PRIMARY KEY (`lno`),
  KEY `like_m_ibfk_1_idx` (`mno`),
  KEY `like_m_ibfk_2_idx` (`id`),
  CONSTRAINT `like_m_ibfk_1` FOREIGN KEY (`mno`) REFERENCES `movie` (`mno`) ON DELETE CASCADE ON UPDATE CASCADE,
  CONSTRAINT `like_m_ibfk_2` FOREIGN KEY (`id`) REFERENCES `member` (`id`) ON DELETE CASCADE ON UPDATE CASCADE
) ENGINE=InnoDB AUTO_INCREMENT=62 DEFAULT CHARSET=utf8mb4 COLLATE=utf8mb4_0900_ai_ci;
/*!40101 SET character_set_client = @saved_cs_client */;

--
-- Dumping data for table `like_m`
--

LOCK TABLES `like_m` WRITE;
/*!40000 ALTER TABLE `like_m` DISABLE KEYS */;
/*!40000 ALTER TABLE `like_m` ENABLE KEYS */;
UNLOCK TABLES;

--
-- Table structure for table `member`
--

DROP TABLE IF EXISTS `member`;
/*!40101 SET @saved_cs_client     = @@character_set_client */;
/*!50503 SET character_set_client = utf8mb4 */;
CREATE TABLE `member` (
  `id` varchar(20) NOT NULL,
  `pwd` text NOT NULL,
  `email` varchar(50) NOT NULL,
  `regDate` timestamp NOT NULL DEFAULT CURRENT_TIMESTAMP,
  `movieCnt` int DEFAULT '0',
  `movielikeCnt` int DEFAULT '0',
  `moviescoreCnt` int DEFAULT '0',
  `nickName` varchar(20) DEFAULT NULL,
  PRIMARY KEY (`id`)
) ENGINE=InnoDB DEFAULT CHARSET=utf8mb4 COLLATE=utf8mb4_0900_ai_ci;
/*!40101 SET character_set_client = @saved_cs_client */;

--
-- Dumping data for table `member`
--

LOCK TABLES `member` WRITE;
/*!40000 ALTER TABLE `member` DISABLE KEYS */;
INSERT INTO `member` VALUES ('123123123aa','$2a$10$yFFD71JlvHVVw4gmElZKg.mrhxEJqMoU1NZdMENy2FHCir6z8NrPu','hh@naver.com','2024-05-07 06:20:31',0,0,0,' '),('anemflr12','$2a$10$68/tMamgy0p1m/Pza3wRpu8RP/DP1Ze5xt2rGI6FBEhbMumx4n9oC','anemflr12@gmail.com','2024-05-24 00:30:05',0,0,0,''),('asd11111','$2a$10$7fifEocFht3P8YvxUpaVpu7or2rFDcJcru7Plr6AoD5bZPFCyka/m','dlawjdgur94@naver.com','2024-05-07 06:26:54',0,0,0,' '),('asd11111111','$2a$10$Biknuz8jy0XveQ5bCkktRuIIZ92ypVK8tUqIZEVdy49GG27AU1tWO','dlawjdgur94@naver.com','2024-05-07 06:34:33',0,0,0,' '),('asd121212','$2a$10$5EeA6ODZhtt32pNaRL4qCOu6dup8UZ7zyzYFUwZNJQFjIO1bgzH3q','dlawjdgur94@nav2er.com','2024-05-07 06:12:12',0,0,0,' '),('asd123123123123','$2a$10$H2tPPV8to1N/QHcDu6aU8OGhnYOrF0BrO2o9.7NlGMR6dWGuHSlY6','ho33@naver.com','2024-05-07 06:28:14',0,0,0,' '),('asdf11111','$2a$10$5.FZr40kpR..PCTifm3hhOtK4sMQ7sbzJWCpT1Ut7m0KGq5bOWLzK','gg@naver.com','2024-05-07 06:25:41',0,0,0,' '),('asdf1234','$2a$10$XubG1o5fdsUNoOca7r6tfe4O6IZqx5YQG0qdE5M9SAvUI7J7dd9cG','dlawjdgur94@naver.com','2024-05-02 06:59:20',0,0,0,NULL),('asdqqqqqq','$2a$10$ifRSFbFuBGUWb9jM.CBOu.EBYjtOMAJYE1CHK.t3M4/wtdTe9wsBm','gg@naver.com','2024-05-07 06:30:03',0,0,0,' '),('dddd123123','$2a$10$8CDVTKrB90NtewLGwufXA.FaSU8c9WSKvpQcdFy3BvbrjgLMokita','gg@naver.com','2024-05-07 06:10:21',0,0,0,' '),('dddd123123123','$2a$10$8AcRQHNfjhDKAkafriNmpecdbuKjdEZlFVb62KO2iB4krYEGxewUS','ho33@naver.com','2024-05-07 06:18:04',0,0,0,' '),('dddd2222222','$2a$10$SEgWBSuyoCqLnYueX/UEd..YkkUgKQ.eYkb.vs2QD4MgTqo.NLVLy','gg@naver.com','2024-05-07 06:37:16',0,0,0,' '),('dddd565656','$2a$10$UEogRE40zJNgEywN5vSDiOZUHfA49mY7DEtMSOt3SrXp1munSLt6y','hh@naver.com','2024-05-07 06:19:41',0,0,0,' '),('dlawjdgur','$2a$10$mefFZiu.quWbuTy4q34TN.2VaCJ6sOmJ.RBWtDKytQ9lF84uRmYTa','ho33@naver.com','2024-05-27 03:38:40',0,0,0,' '),('dlawjdgur94','$2a$10$TbHdhIxYAyjYdjG7y5PqgeTkss5HA4veRxHm/WM1IEZGKtlCFvXmW','dlawjdgur94@naver.com','2024-05-02 05:49:37',0,0,0,''),('dltnstls12','$2a$10$AMLvOpZG6hBylbk0u6RFPexlPRyuU/T5h9VZlMCgzB1EexrZG/v.6','gg@naver.com','2024-05-07 06:16:44',0,0,0,NULL),('ghdrlfehd1','$2a$10$jy58L.axQILNBHeXMDKmAu0Veo.TjDlg2WukdpwL2/EHr/xbo8ekW','ho33@naver.com','2024-05-07 06:11:13',0,0,0,' ');
/*!40000 ALTER TABLE `member` ENABLE KEYS */;
UNLOCK TABLES;

--
-- Table structure for table `movie`
--

DROP TABLE IF EXISTS `movie`;
/*!40101 SET @saved_cs_client     = @@character_set_client */;
/*!50503 SET character_set_client = utf8mb4 */;
CREATE TABLE `movie` (
  `mno` int NOT NULL AUTO_INCREMENT,
  `title` text NOT NULL,
  `titleEng` text NOT NULL,
  `directors` text NOT NULL,
  `actors` text NOT NULL,
  `genre` varchar(45) NOT NULL,
  `runtime` int DEFAULT '0',
  `posters` text NOT NULL,
  `plots` text NOT NULL,
  `repRlsDate` date DEFAULT '2024-05-09',
  `movieLikeCnt` int DEFAULT '0',
  `movieReviewCnt` int DEFAULT '0',
  PRIMARY KEY (`mno`)
) ENGINE=InnoDB AUTO_INCREMENT=3086 DEFAULT CHARSET=utf8mb4 COLLATE=utf8mb4_0900_ai_ci;
/*!40101 SET character_set_client = @saved_cs_client */;

--
-- Dumping data for table `movie`
--

LOCK TABLES `movie` WRITE;
/*!40000 ALTER TABLE `movie` DISABLE KEYS */;
INSERT INTO `movie` VALUES (3048,' :  ','Furiosa: A Mad Max Saga',' ','  ,  ,  ,  ,  ',',SF,',148,'http://file.koreafilm.or.kr/thm/02/99/18/39/tn_DPF029141.jpg|http://file.koreafilm.or.kr/thm/02/99/18/29/tn_DPF028540.jpg|http://file.koreafilm.or.kr/thm/02/99/18/43/tn_DPF029350.jpg','  45 ,           ( -)    ( )     .                   ...     5 22,   !','2024-05-22',0,0),(3049,' 4','The Roundup : Punishment (Beom-Joe-do-si4)','',', , , , , , , , , , , , , , , , , , , , , , , , , , , , , , , , , , , , , , , , , , , , , , , , , , , , , , , , , , , , , ',',,,,',109,'http://file.koreafilm.or.kr/thm/02/99/18/37/tn_DPK021861.jpg|http://file.koreafilm.or.kr/thm/02/99/18/31/tn_DPK021645.jpg|http://file.koreafilm.or.kr/thm/02/99/18/35/tn_DPK021798.jpg|http://file.koreafilm.or.kr/thm/02/99/18/37/tn_DPK021850.jpg|http://file.koreafilm.or.kr/thm/02/99/18/35/tn_DPK021799.jpg|http://file.koreafilm.or.kr/thm/02/99/18/37/tn_DPK021852.jpg|http://file.koreafilm.or.kr/thm/02/99/18/37/tn_DPK021853.jpg|http://file.koreafilm.or.kr/thm/02/99/18/39/tn_DPK021908.jpg|http://file.koreafilm.or.kr/thm/02/99/18/39/tn_DPK021909.jpg|http://file.koreafilm.or.kr/thm/02/99/18/37/tn_DPK021860.jpg|http://file.koreafilm.or.kr/thm/02/99/18/37/tn_DPK021851.jpg','   3 , ()                        .   , , ,             ()       IT  CEO ().      ()     ,           !  !   !','2024-04-24',0,0),(3050,'  ','Following (Geunyeoga jugeotda)','',', , , , , , , ',',,',103,'http://file.koreafilm.or.kr/thm/02/99/18/40/tn_DPK021943.jpg|http://file.koreafilm.or.kr/thm/02/99/18/41/tn_DPK021996.jpg|http://file.koreafilm.or.kr/thm/02/99/18/42/tn_DPK022012.jpg|http://file.koreafilm.or.kr/thm/02/99/18/42/tn_DPK022003.jpg|http://file.koreafilm.or.kr/thm/02/99/18/41/tn_DPK021995.jpg|http://file.koreafilm.or.kr/thm/02/99/18/39/tn_DPK021914.jpg|http://file.koreafilm.or.kr/thm/02/99/18/42/tn_DPK022004.jpg|http://file.koreafilm.or.kr/thm/02/99/18/41/tn_DPK021997.jpg','    .    .            .       SNS      . 152,  .     ,         .           ,         .      SNS       ','2024-05-15',0,0),(3051,'  !!  ','Haikyu!! The Movie: Decisive Battle at the Garbage Dump',' ',' ,  ,  ,  ,  ','',85,'http://file.koreafilm.or.kr/thm/02/99/18/40/tn_DPF029193.jpg|http://file.koreafilm.or.kr/thm/02/99/18/41/tn_DPF029247.jpg|http://file.koreafilm.or.kr/thm/02/99/18/39/tn_DPF029122.jpg','     .1 2        3      .     ,   VS   .        !','2024-05-15',0,0),(3052,' :  ','Kingdom of the Planet of the Apes',' ',' ,  ,  ,  ,  ',',SF',145,'http://file.koreafilm.or.kr/thm/02/99/18/39/tn_DPF029167.jpg|http://file.koreafilm.or.kr/thm/02/99/18/39/tn_DPF029165.jpg|http://file.koreafilm.or.kr/thm/02/99/18/39/tn_DPF029166.jpg|http://file.koreafilm.or.kr/thm/02/99/18/39/tn_DPF029168.jpg|http://file.koreafilm.or.kr/thm/02/99/18/40/tn_DPF029233.jpg|http://file.koreafilm.or.kr/thm/02/99/18/42/tn_DPF029295.jpg|http://file.koreafilm.or.kr/thm/02/99/18/42/tn_DPF029296.jpg|http://file.koreafilm.or.kr/thm/02/99/18/42/tn_DPF029297.jpg|http://file.koreafilm.or.kr/thm/02/99/18/42/tn_DPF029293.jpg|http://file.koreafilm.or.kr/thm/02/99/18/39/tn_DPF029164.jpg|http://file.koreafilm.or.kr/thm/02/99/18/42/tn_DPF029294.jpg','  ,   !     .  @@        .,    @@        ,             2024   :     x       5 8,    !','2024-05-08',0,0),(3053,'   ','The Garfield Movie',' ',' ,  ,  L. ,  , ',',,,',101,'http://file.koreafilm.or.kr/thm/02/99/18/41/tn_DPF029246.jpg|http://file.koreafilm.or.kr/thm/02/99/18/38/tn_DPF029099.jpg|http://file.koreafilm.or.kr/thm/02/99/18/42/tn_DPF029335.jpg|http://file.koreafilm.or.kr/thm/02/99/18/39/tn_DPF029142.jpg|http://file.koreafilm.or.kr/thm/02/99/18/41/tn_DPF029270.jpg|http://file.koreafilm.or.kr/thm/02/99/18/41/tn_DPF029271.jpg|http://file.koreafilm.or.kr/thm/02/99/18/41/tn_DPF029272.jpg|http://file.koreafilm.or.kr/thm/02/99/18/41/tn_DPF029268.jpg|http://file.koreafilm.or.kr/thm/02/99/18/41/tn_DPF029269.jpg',' ,    !         . ,       .                     ,  !','2024-05-15',0,0),(3054,' :  ','IF',' ',' ,  ,  ,  ,  ,  , ,   ,   ',',,',104,'http://file.koreafilm.or.kr/thm/02/99/18/38/tn_DPF029101.jpg|http://file.koreafilm.or.kr/thm/02/99/18/41/tn_DPF029263.jpg|http://file.koreafilm.or.kr/thm/02/99/18/40/tn_DPF029203.jpg|http://file.koreafilm.or.kr/thm/02/99/18/40/tn_DPF029204.jpg|http://file.koreafilm.or.kr/thm/02/99/18/40/tn_DPF029205.jpg|http://file.koreafilm.or.kr/thm/02/99/18/40/tn_DPF029206.jpg|http://file.koreafilm.or.kr/thm/02/99/18/40/tn_DPF029207.jpg|http://file.koreafilm.or.kr/thm/02/99/18/40/tn_DPF029208.jpg|http://file.koreafilm.or.kr/thm/02/99/18/40/tn_DPF029209.jpg|http://file.koreafilm.or.kr/thm/02/99/18/40/tn_DPF029210.jpg|http://file.koreafilm.or.kr/thm/02/99/18/40/tn_DPF029211.jpg|http://file.koreafilm.or.kr/thm/02/99/18/40/tn_DPF029212.jpg|http://file.koreafilm.or.kr/thm/02/99/18/40/tn_DPF029213.jpg|http://file.koreafilm.or.kr/thm/02/99/18/40/tn_DPF029214.jpg|http://file.koreafilm.or.kr/thm/02/99/18/40/tn_DPF029215.jpg|http://file.koreafilm.or.kr/thm/02/99/18/40/tn_DPF029216.jpg|http://file.koreafilm.or.kr/thm/02/99/18/40/tn_DPF029217.jpg|http://file.koreafilm.or.kr/thm/02/99/18/40/tn_DPF029198.jpg|http://file.koreafilm.or.kr/thm/02/99/18/40/tn_DPF029199.jpg|http://file.koreafilm.or.kr/thm/02/99/18/40/tn_DPF029200.jpg|http://file.koreafilm.or.kr/thm/02/99/18/40/tn_DPF029201.jpg|http://file.koreafilm.or.kr/thm/02/99/18/40/tn_DPF029202.jpg|http://file.koreafilm.or.kr/thm/02/99/18/38/tn_DPF029100.jpg|http://file.koreafilm.or.kr/thm/02/99/18/40/tn_DPF029197.jpg|http://file.koreafilm.or.kr/thm/02/99/18/42/tn_DPF029286.jpg','      .                           .                    ...     ,     !','2024-05-15',0,0),(3055,' ','Challengers',' ',' ,  ,  ,  , A.J. ',',/,',131,'http://file.koreafilm.or.kr/thm/02/99/18/38/tn_DPF029091.jpg','         .                     .               ,                      .','2024-04-24',0,0),(3056,'    -','Shining for One Thing',', ',', , , , , , ','/,',107,'http://file.koreafilm.or.kr/thm/02/99/18/42/tn_DPF029285.jpg|http://file.koreafilm.or.kr/thm/02/99/18/38/tn_DPF029075.jpg|http://file.koreafilm.or.kr/thm/02/99/18/41/tn_DPF029255.jpg|http://file.koreafilm.or.kr/thm/02/99/18/40/tn_DPF029194.jpg|http://file.koreafilm.or.kr/thm/02/99/18/43/tn_DPF029375.jpg|http://file.koreafilm.or.kr/thm/02/99/18/39/tn_DPF029137.jpg|http://file.koreafilm.or.kr/thm/02/99/18/40/tn_DPF029195.jpg|http://file.koreafilm.or.kr/thm/02/99/18/40/tn_DPF029196.jpg|http://file.koreafilm.or.kr/thm/02/99/18/41/tn_DPF029256.jpg|http://file.koreafilm.or.kr/thm/02/99/18/42/tn_DPF029339.jpg|http://file.koreafilm.or.kr/thm/02/99/18/43/tn_DPF029376.jpg|http://file.koreafilm.or.kr/thm/02/99/18/43/tn_DPF029377.jpg|http://file.koreafilm.or.kr/thm/02/99/18/42/tn_DPF029338.jpg|http://file.koreafilm.or.kr/thm/02/99/18/43/tn_DPF029385.jpg','2010 ,               .              ,     .                     .     ,           ','2024-05-22',0,0),(3057,' 4','Kung Fu Panda 4',' ,  ',' , ,  ,   ,  , , , , , , , , , ',',,,,',94,'http://file.koreafilm.or.kr/thm/02/99/18/36/tn_DPF028945.jpg|http://file.koreafilm.or.kr/thm/02/99/18/38/tn_DPF029077.jpg|http://file.koreafilm.or.kr/thm/02/99/18/30/tn_DPF028637.jpg|http://file.koreafilm.or.kr/thm/02/99/18/38/tn_DPF029079.jpg|http://file.koreafilm.or.kr/thm/02/99/18/38/tn_DPF029080.jpg|http://file.koreafilm.or.kr/thm/02/99/18/38/tn_DPF029076.jpg|http://file.koreafilm.or.kr/thm/02/99/18/38/tn_DPF029078.jpg','!     !              ,     .    ?                                             ?','2024-04-10',0,0),(3058,' 18X2   ','18X2 Beyond Youthful Days',' ',',  , ,  ,  ,  ,  ',',/',124,'http://file.koreafilm.or.kr/thm/02/99/18/41/tn_DPF029265.jpg|http://file.koreafilm.or.kr/thm/02/99/18/39/tn_DPF029136.jpg|http://file.koreafilm.or.kr/thm/02/99/18/42/tn_DPF029288.jpg|http://file.koreafilm.or.kr/thm/02/99/18/42/tn_DPF029289.jpg|http://file.koreafilm.or.kr/thm/02/99/18/38/tn_DPF029102.jpg|http://file.koreafilm.or.kr/thm/02/99/18/42/tn_DPF029291.jpg|http://file.koreafilm.or.kr/thm/02/99/18/42/tn_DPF029292.jpg|http://file.koreafilm.or.kr/thm/02/99/18/42/tn_DPF029287.jpg|http://file.koreafilm.or.kr/thm/02/99/18/42/tn_DPF029290.jpg','        ?18   .    (),        ( ) .        .,                    . ,     .      ,     .             . , ,                   .       18    ...','2024-05-22',0,0),(3059,'  ','Late Night with the Devil',' ,  ',' ,  ,  ,  ,   ','',93,'http://file.koreafilm.or.kr/thm/02/99/18/41/tn_DPF029242.jpg|http://file.koreafilm.or.kr/thm/02/99/18/39/tn_DPF029125.jpg|http://file.koreafilm.or.kr/thm/02/99/18/27/tn_DPF028427.jpg','   @ @        .       1   ,           .          .           .','2024-05-08',0,0),(3060,'   10','The Last 10 Years',' ',' ,  ,  ,  ,  ,  ,  ','/,',125,'http://file.koreafilm.or.kr/thm/02/99/18/04/tn_DPF027265.jpg|http://file.koreafilm.or.kr/thm/02/99/18/05/tn_DPF027364.jpg|http://file.koreafilm.or.kr/thm/02/99/18/05/tn_DPF027365.jpg','   ,    1   10          .   ,  ,  ,                  ','2023-05-24',0,0),(3061,'  ','The Shawshank Redemption',' ',' ,  ,  ,  ,  ,  ,  ','',133,'http://file.koreafilm.or.kr/thm/02/00/04/22/tn_DPF012498.jpg|http://file.koreafilm.or.kr/thm/02/00/03/20/tn_DPF010451.JPG','    (  )          .       ,        .          (  )     ,     .  ,         ,      .         ,  (  )     ,        ...','1995-02-04',0,0),(3062,'   ','When We Bloom Again (Mokwasom pineun nal)','',', , , , , ','',90,'http://file.koreafilm.or.kr/thm/02/99/18/42/tn_DPK022000.jpg|http://file.koreafilm.or.kr/thm/02/99/18/39/tn_DPK021910.jpg|http://file.koreafilm.or.kr/thm/02/99/18/40/tn_DPK021950.jpg|http://file.koreafilm.or.kr/thm/02/99/18/40/tn_DPK021951.jpg','     ,  10    @@     @@.   @@    . ,     @@    .    ...   @@         .','2024-05-22',0,0),(3063,'   ','Poetry on Land (Ttange sseuneun si)','',', , , ',',',113,'http://file.koreafilm.or.kr/thm/02/99/18/37/tn_DPA001934.jpg|http://file.koreafilm.or.kr/thm/02/99/18/36/tn_DPA001929.jpg|http://file.koreafilm.or.kr/thm/02/99/18/39/tn_DPA001944.jpg|http://file.koreafilm.or.kr/thm/02/99/18/15/tn_DPA001807.jpg','  ,  ,  ,       .  (Landscape Architect).             82           .','2024-04-17',0,0),(3064,'  ,   ','All the Beauty and the Bloodshed',' ',' ,  ,  ','',122,'http://file.koreafilm.or.kr/thm/02/99/18/38/tn_DPB001639.jpg|http://file.koreafilm.or.kr/thm/02/99/18/40/tn_DPB001645.jpg|http://file.koreafilm.or.kr/thm/02/99/18/41/tn_DPB001650.jpg|http://file.koreafilm.or.kr/thm/02/99/18/40/tn_DPB001644.jpg|http://file.koreafilm.or.kr/thm/02/99/18/41/tn_DPB001651.jpg','         .    ,   ,  ,                   .','2024-05-15',0,0),(3065,' ','(Sopung)','','','',0,'','   20                      .',NULL,0,0),(3066,' ','Picnic (Sopung)','',', , , , , , , , , , , , , , , , , , , , , , , , ',',,',114,'http://file.koreafilm.or.kr/thm/02/99/18/30/tn_DPK021627.jpg|http://file.koreafilm.or.kr/thm/02/99/18/32/tn_DPK021683.jpg|http://file.koreafilm.or.kr/thm/02/99/18/33/tn_DPK021718.jpg|http://file.koreafilm.or.kr/thm/02/99/18/32/tn_DPK021670.jpg|http://file.koreafilm.or.kr/thm/02/99/18/35/tn_DPK021774.jpg',' () 60    .      ,        () ()    .    ,     ,     .     , , ,           .         ,            .    ,          .      , ,         . ()','2024-02-07',0,0),(3067,' ','My Son (So-pung-gat-i)','',', , , , ',',',30,'','           .        ,      . 19      ,     .    ,      .',NULL,0,0),(3068,' ','(Sopungjeonya)','','','',0,'','   ,            .     .',NULL,0,0),(3069,'  ','Mom@s Picnic (Eommaui sopung)','',', ','',3,'','     .      .  ,           .',NULL,0,0),(3070,'  -  ','Capsule Boy - Protect the Universe (Kaepsyulboi - ujuleul jikyeola)','','','',0,'','                  ',NULL,0,0),(3071,' ','(Sopoong)','',', , ','',17,'','        ',NULL,0,0),(3072,' ','(Sopung)',', ','','',4,'','    .',NULL,0,0),(3073,' ','Picnic (Sopung)','','','',3,'','     .            .       .               .',NULL,0,0),(3074,' ','(Sopungnal)','','','',15,'','   ,        .        .',NULL,0,0),(3075,' ','Stella. A Life.',' ',' ,  ,  ,  ,  ',',',121,'http://file.koreafilm.or.kr/thm/02/99/18/41/tn_DPF029267.jpg|http://file.koreafilm.or.kr/thm/02/99/18/39/tn_DPF029131.jpg|http://file.koreafilm.or.kr/thm/02/99/18/39/tn_DPF029132.jpg','        ,   .1940         .      . ?','2024-05-22',0,0),(3076,' ','Stellar (Seu-tel-la)','',', , , , , , , , , , , , , , , , , , , , , , , , , , , , , , , , , , MANINGAT CHERRISH R-AMIREZ, , , , , , , , , , , , , , , , , , , , , , , , , , , , , , , , , , , , , , , , , , , , , , , , , , , , , , , , ',',,',98,'http://file.koreafilm.or.kr/thm/02/99/17/65/tn_DPK018889.jpg|http://file.koreafilm.or.kr/thm/02/99/17/64/tn_DPK018880.jpg|http://file.koreafilm.or.kr/thm/02/99/17/67/tn_DPK018939.jpg','          (). ()     ()          .   ,         1987   .  50km,   3        !','2022-04-06',0,0),(3077,' ','Super Nova (In-cheon-seu-tel-la)','',', , , , , , , , , , , , , , , , , , , , , , , , , , , ','SF,,/',108,'http://file.koreafilm.or.kr/thm/02/99/17/21/tn_DPK016834.jpg|http://file.koreafilm.or.kr/thm/02/99/17/23/tn_DPK016877.jpg|http://file.koreafilm.or.kr/thm/02/99/17/20/tn_DPK016800.jpg|http://file.koreafilm.or.kr/thm/02/99/17/24/tn_DPK016936.jpg|http://file.koreafilm.or.kr/thm/02/99/17/24/tn_DPK016921.jpg','   ,  B  C    .      ,  ,    . ASA(NASA ),             ASA     .                  ,        .                   .       ,  .           (?)  .','2021-03-25',0,0),(3078,' :  ','Interstellar Wars',' ',' ,  ,  ','SF',83,'','   UFO           ,         SF .','2016-06-09',0,0),(3079,' ','Interstellar',' ',' ,  ,  ,  ,  ,  ,  ','SF',169,'http://file.koreafilm.or.kr/thm/02/00/03/19/tn_DPF010393.JPG|http://file.koreafilm.or.kr/thm/02/00/03/19/tn_DPF010396.jpg|http://file.koreafilm.or.kr/thm/02/00/03/19/tn_DPF010395.jpg|http://file.koreafilm.or.kr/thm/02/00/02/69/tn_DPF006739.JPG|http://file.koreafilm.or.kr/thm/02/00/03/19/tn_DPF010394.jpg','   ,         .   20       , NASA .      ,          .           ,      .      .  ','2014-11-06',0,0),(3080,'         ','Stella and Sam  Voyage sur la lune ',' ,  ','','',12,'','',NULL,0,0),(3081,' ','The World Heritage','','',',,',0,'','      .  ,    .',NULL,0,0),(3082,' ','',' ',' ,  ,  ,  ,  ,  ,  W. ,  ,  ,  ,  ,  ','',108,'http://file.koreafilm.or.kr/thm/02/00/03/45/tn_DPF02251A.jpg|http://file.koreafilm.or.kr/thm/02/00/03/45/tn_DPF02251B.jpg','                .            .                  .         ,     ','1990-06-02',0,0),(3083,' ','',' ',' ,  ,  ',',,',91,'','',NULL,0,0),(3084,' ','',' ',' ,  ,  ,  ,  ,  ,  , G. ,  ,  ,  ,  ,  ','',0,'','',NULL,0,0),(3085,'  ','Totto-Chan: The Little Girl at the Window',' ',' ,  , ,  ,  ','',114,'http://file.koreafilm.or.kr/thm/02/99/18/40/tn_DPF029234.jpg|http://file.koreafilm.or.kr/thm/02/99/18/41/tn_DPF029264.jpg|http://file.koreafilm.or.kr/thm/02/99/18/39/tn_DPF029130.jpg','              ,        .   ,   ,               !','2024-05-29',0,0);
/*!40000 ALTER TABLE `movie` ENABLE KEYS */;
UNLOCK TABLES;

--
-- Table structure for table `review_m`
--

DROP TABLE IF EXISTS `review_m`;
/*!40101 SET @saved_cs_client     = @@character_set_client */;
/*!50503 SET character_set_client = utf8mb4 */;
CREATE TABLE `review_m` (
  `rno` int NOT NULL AUTO_INCREMENT,
  `mno` int NOT NULL,
  `review` varchar(300) NOT NULL,
  `reviewer` varchar(20) NOT NULL,
  `regDate` timestamp NOT NULL DEFAULT CURRENT_TIMESTAMP,
  PRIMARY KEY (`rno`),
  KEY `review_m_ibfk_1_idx` (`mno`),
  KEY `review_m_ibfk_2_idx` (`reviewer`),
  CONSTRAINT `review_m_ibfk_1` FOREIGN KEY (`mno`) REFERENCES `movie` (`mno`) ON DELETE CASCADE ON UPDATE CASCADE,
  CONSTRAINT `review_m_ibfk_2` FOREIGN KEY (`reviewer`) REFERENCES `member` (`id`) ON DELETE CASCADE ON UPDATE CASCADE
) ENGINE=InnoDB AUTO_INCREMENT=80 DEFAULT CHARSET=utf8mb4 COLLATE=utf8mb4_0900_ai_ci;
/*!40101 SET character_set_client = @saved_cs_client */;

--
-- Dumping data for table `review_m`
--

LOCK TABLES `review_m` WRITE;
/*!40000 ALTER TABLE `review_m` DISABLE KEYS */;
/*!40000 ALTER TABLE `review_m` ENABLE KEYS */;
UNLOCK TABLES;
/*!40103 SET TIME_ZONE=@OLD_TIME_ZONE */;

/*!40101 SET SQL_MODE=@OLD_SQL_MODE */;
/*!40014 SET FOREIGN_KEY_CHECKS=@OLD_FOREIGN_KEY_CHECKS */;
/*!40014 SET UNIQUE_CHECKS=@OLD_UNIQUE_CHECKS */;
/*!40101 SET CHARACTER_SET_CLIENT=@OLD_CHARACTER_SET_CLIENT */;
/*!40101 SET CHARACTER_SET_RESULTS=@OLD_CHARACTER_SET_RESULTS */;
/*!40101 SET COLLATION_CONNECTION=@OLD_COLLATION_CONNECTION */;
/*!40111 SET SQL_NOTES=@OLD_SQL_NOTES */;

-- Dump completed on 2024-05-27 14:07:39
